crop_type,season,temperature,humidity,rainfall,soil_moisture,soil_ph,light_intensity,disease_label
Tomato,winter,20.2,71.08,0.0,52.45,6.24,48827,Verticillium Wilt
Potato,winter,24.69,56.82,0.0,43.28,5.71,11907,Healthy
Potato,winter,24.28,58.95,0.0,37.53,5.5,97,Healthy
Potato,winter,26.39,68.97,0.0,49.75,5.84,19549,Healthy
Tomato,winter,21.83,64.14,0.0,65.41,6.55,24083,Healthy
Tomato,winter,20.96,69.69,0.0,47.33,6.82,0,Verticillium Wilt
Potato,winter,24.63,52.29,0.0,35.23,6.21,50000,Healthy
Potato,winter,20.98,54.79,0.43,65.17,6.04,38,Healthy
Potato,winter,20.77,59.91,11.85,66.83,5.5,13547,Healthy
Potato,winter,23.09,59.76,0.0,44.78,5.67,32507,Healthy
Tomato,winter,22.5,54.99,0.0,54.79,5.64,87,Verticillium Wilt
Tomato,winter,24.31,50.99,0.0,52.77,6.6,33525,Healthy
Tomato,winter,20.46,56.01,0.0,69.63,6.72,22727,Healthy
Potato,winter,21.58,69.15,0.0,49.49,5.77,18996,Healthy
Potato,winter,23.05,62.47,0.0,36.95,5.98,20474,Healthy
Potato,winter,18.43,63.43,0.0,58.76,6.0,84,Healthy
Tomato,winter,21.33,50.55,2.48,63.49,6.21,29909,Healthy
Potato,winter,23.04,68.94,0.0,29.64,5.5,41310,Verticillium Wilt
Tomato,winter,22.01,53.24,0.0,55.35,6.37,34690,Verticillium Wilt
Tomato,winter,17.96,58.46,0.0,57.99,6.4,97,Healthy
Potato,winter,20.58,63.05,0.0,76.02,5.5,100,Healthy
Tomato,winter,23.0,56.9,0.0,50.12,7.19,35716,Verticillium Wilt
Potato,winter,21.16,59.57,0.0,56.87,6.0,34057,Healthy
Potato,winter,19.75,70.86,0.0,71.56,5.5,25502,Healthy
Tomato,winter,21.91,60.33,9.89,71.91,6.57,29605,Healthy
Potato,winter,25.89,53.72,0.0,41.24,6.32,22607,Healthy
Potato,winter,22.12,65.13,0.0,50.66,5.52,50000,Healthy
Potato,winter,25.14,59.28,0.0,54.01,6.32,89,Healthy
Tomato,winter,21.38,66.91,0.0,55.99,6.38,46,Verticillium Wilt
Tomato,winter,22.22,69.01,0.0,47.64,6.42,23875,Verticillium Wilt
Potato,winter,20.27,65.77,0.0,66.63,6.13,22,Healthy
Potato,winter,18.5,67.62,0.0,50.32,5.58,90,Healthy
Potato,winter,25.04,64.93,0.0,62.75,6.42,54,Healthy
Tomato,winter,19.66,65.56,0.0,68.91,6.27,90,Healthy
Tomato,winter,22.31,62.25,0.0,51.4,7.4,5658,Verticillium Wilt
Potato,winter,18.7,69.28,0.0,60.56,5.5,31870,Healthy
Potato,winter,23.07,55.43,0.0,61.09,5.59,34,Healthy
Potato,winter,17.91,58.82,4.65,48.55,5.5,87,Healthy
Tomato,winter,21.27,49.36,5.12,43.9,6.26,10779,Verticillium Wilt
Tomato,winter,21.05,49.41,0.0,48.72,6.13,22017,Verticillium Wilt
Potato,winter,25.12,60.47,0.0,49.08,5.73,22962,Healthy
Tomato,winter,20.48,55.93,0.0,60.89,6.71,28790,Healthy
Tomato,winter,23.6,64.94,0.0,46.06,6.06,24468,Verticillium Wilt
Tomato,winter,20.23,57.03,0.0,64.45,6.13,38852,Healthy
Potato,winter,20.01,55.71,0.0,60.41,6.35,34586,Healthy
Potato,winter,24.04,76.17,0.0,60.49,5.71,35466,Healthy
Tomato,winter,23.24,63.04,0.0,57.03,6.83,52,Verticillium Wilt
Potato,winter,23.9,52.94,0.0,47.89,6.08,1,Healthy
Potato,winter,21.11,59.78,0.0,50.66,6.12,6746,Healthy
Tomato,winter,23.68,62.13,0.0,46.19,6.14,72,Verticillium Wilt
Potato,winter,19.79,50.39,0.0,53.4,6.65,4889,Healthy
Potato,winter,22.35,62.9,5.68,39.31,6.52,19156,Healthy
Tomato,winter,20.32,60.93,0.0,58.31,6.26,43,Verticillium Wilt
Potato,winter,20.97,51.74,0.0,63.85,5.5,32861,Healthy
Tomato,winter,27.38,50.67,0.0,56.13,6.59,21434,Healthy
Potato,winter,21.92,66.04,0.0,43.21,5.89,26358,Healthy
Tomato,winter,19.79,53.72,0.0,46.59,7.32,73,Healthy
Tomato,winter,23.67,54.83,0.0,54.25,6.74,44,Verticillium Wilt
Potato,winter,24.25,62.54,0.0,66.58,5.5,79,Healthy
Potato,winter,22.11,58.87,0.0,54.05,5.86,33,Healthy
Potato,winter,21.92,56.62,0.0,64.58,6.49,1921,Healthy
Tomato,winter,21.46,64.02,0.0,49.45,5.9,33,Verticillium Wilt
Tomato,winter,22.2,66.37,7.05,47.86,6.14,53,Verticillium Wilt
Tomato,winter,19.1,55.21,0.99,60.83,6.05,15181,Healthy
Potato,winter,19.4,58.14,0.0,56.53,5.71,21,Healthy
Tomato,winter,25.03,59.47,0.0,47.52,6.7,95,Healthy
Potato,winter,21.65,56.98,0.0,60.27,5.95,41493,Healthy
Potato,winter,24.96,61.74,0.0,53.81,6.27,35179,Healthy
Tomato,winter,15.47,56.19,0.0,81.92,6.23,34,Healthy
Tomato,winter,20.73,50.57,0.0,45.85,6.7,20667,Verticillium Wilt
Potato,winter,25.91,58.71,0.0,37.19,6.1,33034,Healthy
Potato,winter,25.23,62.64,0.0,52.59,5.62,29469,Healthy
Tomato,winter,23.49,61.42,0.0,57.24,6.29,64,Verticillium Wilt
Tomato,winter,21.76,59.35,0.0,62.95,6.85,89,Healthy
Potato,winter,25.0,58.87,0.0,57.73,5.71,30642,Healthy
Tomato,winter,21.18,52.87,0.0,58.4,5.88,68,Verticillium Wilt
Potato,winter,16.26,59.07,0.0,67.08,6.18,4,Healthy
Tomato,winter,24.94,57.07,0.0,51.55,5.93,30958,Healthy
Tomato,winter,23.24,54.9,0.0,60.79,5.74,28,Healthy
Potato,winter,24.02,55.36,0.0,58.43,6.39,24538,Healthy
Potato,winter,20.88,55.25,0.0,46.89,5.5,30892,Healthy
Tomato,winter,20.36,64.95,0.0,52.53,7.05,34441,Verticillium Wilt
Potato,winter,21.53,59.64,0.0,58.99,5.72,26016,Healthy
Tomato,winter,22.34,60.12,0.0,63.15,6.77,34087,Healthy
Potato,winter,17.57,66.45,0.0,51.92,5.5,0,Healthy
Potato,winter,24.02,60.2,0.0,67.28,6.12,96,Healthy
Potato,winter,21.63,71.34,0.0,63.51,6.05,34332,Healthy
Potato,winter,24.32,57.56,0.0,38.22,5.5,50,Healthy
Potato,winter,23.6,51.42,0.0,37.41,6.18,12703,Healthy
Tomato,winter,27.14,64.21,0.0,59.24,6.69,30191,Healthy
Tomato,winter,23.14,58.67,0.0,47.33,6.81,40964,Verticillium Wilt
Tomato,winter,16.33,61.57,0.0,77.64,6.65,40793,Healthy
Potato,winter,21.46,55.57,0.0,47.92,5.58,32867,Healthy
Tomato,winter,20.37,58.46,0.0,45.56,6.24,13879,Verticillium Wilt
Potato,winter,22.24,64.04,0.0,53.99,5.5,90,Healthy
Potato,winter,20.12,65.06,0.0,63.74,5.8,51,Healthy
Tomato,winter,18.69,56.46,0.0,58.93,6.67,60,Healthy
Potato,winter,22.97,66.77,0.0,38.37,6.21,20019,Healthy
Potato,winter,22.72,54.97,0.0,42.24,5.71,32900,Healthy
Potato,winter,21.55,59.01,0.0,56.98,5.5,32407,Healthy
Potato,winter,20.49,66.84,0.0,47.6,5.78,36735,Healthy
Potato,winter,26.89,62.02,0.0,39.23,5.5,31,Healthy
Tomato,winter,25.86,68.07,0.0,45.65,6.89,85,Healthy
Potato,winter,23.43,71.43,2.35,68.0,5.92,1528,Early Blight
Potato,winter,23.65,64.88,1.32,53.1,6.02,39585,Healthy
Potato,winter,18.51,51.75,0.0,54.24,5.61,41958,Healthy
Tomato,winter,22.11,76.15,11.52,59.56,6.66,41,Early Blight
Tomato,winter,24.09,60.53,0.0,65.39,6.53,38888,Healthy
Potato,winter,22.07,51.82,3.2,55.1,6.64,30647,Healthy
Tomato,winter,22.1,55.23,0.0,56.26,6.89,3668,Verticillium Wilt
Potato,winter,20.03,65.18,0.0,46.49,5.93,0,Healthy
Tomato,winter,20.62,48.53,0.0,46.74,7.18,0,Verticillium Wilt
Tomato,winter,21.45,54.64,0.0,63.31,6.27,52,Healthy
Potato,winter,22.99,50.45,0.0,56.42,6.93,33,Healthy
Potato,winter,24.2,66.16,0.0,50.99,6.17,6060,Healthy
Potato,winter,22.43,59.55,0.0,55.61,6.15,34184,Healthy
Potato,winter,22.67,68.84,0.0,50.89,5.82,34701,Healthy
Potato,winter,20.81,59.45,0.0,75.66,6.0,20,Healthy
Tomato,winter,24.18,58.74,0.0,50.44,6.19,69,Healthy
Tomato,winter,23.63,48.97,0.0,61.5,6.72,32708,Early Blight
Tomato,winter,22.1,59.98,0.0,62.9,7.03,37163,Healthy
Tomato,winter,21.82,63.43,0.0,48.05,6.52,95,Verticillium Wilt
Potato,winter,19.1,60.21,0.0,60.51,6.04,5,Healthy
Potato,winter,21.71,63.98,0.0,71.47,6.01,18008,Healthy
Tomato,winter,24.34,65.68,0.0,54.92,6.64,40067,Healthy
Potato,winter,20.88,66.25,0.0,49.62,6.0,29247,Healthy
Potato,winter,21.26,56.66,0.0,59.66,5.5,56,Healthy
Tomato,winter,23.29,54.62,0.0,47.89,6.34,8,Verticillium Wilt
Tomato,winter,20.31,67.91,0.0,45.9,6.58,80,Verticillium Wilt
Tomato,winter,23.74,63.4,0.0,65.31,6.8,21,Healthy
Potato,winter,21.28,56.56,4.61,58.43,5.83,31780,Healthy
Tomato,winter,24.98,54.43,0.0,55.63,6.28,10297,Healthy
Potato,winter,23.72,60.2,0.0,48.93,6.35,39,Healthy
Tomato,winter,19.35,65.88,0.0,58.74,6.66,59,Healthy
Tomato,winter,25.18,58.71,0.0,50.04,5.5,70,Healthy
Tomato,winter,24.1,50.17,0.0,51.73,6.28,57,Healthy
Tomato,winter,21.92,63.95,8.21,55.29,6.51,35405,Verticillium Wilt
Potato,winter,21.41,65.74,8.33,62.29,6.3,38789,Healthy
Potato,winter,23.05,52.7,0.0,46.39,5.71,1351,Healthy
Tomato,winter,22.31,63.73,0.71,63.78,6.0,15480,Healthy
Tomato,winter,20.21,56.38,0.0,53.1,6.49,17049,Verticillium Wilt
Potato,winter,23.17,65.3,0.0,57.82,5.5,21,Healthy
Tomato,winter,19.39,58.41,0.0,65.19,6.68,2,Healthy
Potato,winter,18.48,55.54,0.0,71.1,6.3,16126,Healthy
Potato,winter,25.69,71.34,0.0,44.49,6.42,68,Healthy
Potato,winter,20.59,71.09,0.0,68.93,5.88,48,Healthy
Tomato,winter,20.2,66.31,0.0,55.41,5.56,0,Verticillium Wilt
Tomato,winter,26.98,63.33,0.0,55.41,6.48,45057,Healthy
Tomato,winter,18.99,69.14,0.0,71.14,7.09,19990,Healthy
Potato,winter,21.51,57.97,0.0,45.94,5.87,6869,Healthy
Tomato,winter,23.76,51.32,0.0,53.66,6.79,14255,Verticillium Wilt
Potato,winter,19.79,61.82,0.0,44.47,6.75,89,Healthy
Potato,winter,21.59,72.09,0.0,54.22,5.68,85,Healthy
Tomato,winter,21.26,59.27,0.0,59.65,6.33,32826,Verticillium Wilt
Tomato,winter,24.25,70.27,0.0,48.83,6.83,42120,Healthy
Potato,winter,24.04,57.08,0.0,48.07,5.5,30570,Healthy
Potato,winter,22.04,58.33,0.0,56.9,5.5,96,Healthy
Tomato,winter,21.07,60.68,0.0,47.3,6.07,42558,Verticillium Wilt
Potato,winter,20.43,55.24,0.0,40.01,6.05,31554,Healthy
Potato,winter,23.31,52.8,0.0,36.65,6.47,27,Healthy
Potato,winter,20.52,63.7,0.0,40.31,5.54,20593,Healthy
Potato,winter,24.14,58.34,0.0,47.02,5.6,23372,Healthy
Potato,winter,20.81,69.07,0.0,75.54,5.99,9,Healthy
Potato,winter,24.42,73.68,0.0,59.14,5.93,28,Healthy
Potato,winter,23.43,57.43,0.0,53.34,6.04,84,Healthy
Tomato,winter,22.77,57.86,0.0,56.92,6.51,0,Verticillium Wilt
Potato,winter,19.65,57.25,0.0,61.19,6.43,14194,Healthy
Tomato,winter,22.9,64.29,0.0,68.89,5.83,39302,Healthy
Tomato,winter,24.63,59.05,0.0,51.69,6.13,5525,Healthy
Potato,winter,23.96,54.67,0.0,44.9,5.69,29515,Healthy
Potato,winter,20.46,59.76,0.0,61.73,5.5,1283,Healthy
Tomato,winter,23.62,66.57,0.0,51.36,6.28,82,Verticillium Wilt
Potato,winter,20.66,54.44,0.0,53.21,6.36,20,Healthy
Potato,winter,23.47,54.24,0.0,65.31,5.5,33470,Healthy
Tomato,winter,23.31,54.54,0.0,65.28,6.94,39326,Healthy
Potato,winter,24.57,68.92,0.0,59.33,5.5,22661,Healthy
Tomato,winter,21.12,61.19,5.94,62.28,7.0,41040,Healthy
Tomato,winter,20.95,52.32,0.0,60.53,6.55,19450,Healthy
Potato,winter,21.27,59.19,0.0,61.78,5.66,67,Healthy
Potato,winter,22.21,59.06,0.0,33.52,5.86,16,Verticillium Wilt
Tomato,winter,19.28,52.87,0.0,63.27,6.43,82,Healthy
Tomato,winter,24.36,64.37,0.0,58.14,6.33,31853,Healthy
Potato,winter,21.24,53.94,0.0,57.52,6.01,88,Healthy
Potato,winter,22.27,61.29,0.0,44.92,5.5,7,Healthy
Tomato,summer,32.05,77.9,0.0,46.02,6.15,42,Healthy
Tomato,summer,33.75,68.98,28.09,72.88,7.38,11095,Healthy
Potato,summer,32.17,67.73,3.61,32.4,6.25,19558,Common Scab
Potato,summer,35.24,74.05,18.49,53.37,6.45,21,Early Blight
Potato,summer,29.17,65.21,0.0,42.63,6.14,14,Healthy
Potato,summer,35.59,72.81,0.0,25.54,5.59,58,Verticillium Wilt
Potato,summer,28.27,78.58,0.0,56.53,5.5,6276,Healthy
Tomato,summer,33.75,67.76,0.0,46.18,6.53,33835,Healthy
Tomato,summer,29.37,59.63,0.0,42.44,6.4,15897,Healthy
Potato,summer,32.64,71.09,0.0,42.05,6.28,89,Healthy
Potato,summer,32.34,63.88,0.0,60.29,5.5,66,Healthy
Tomato,summer,31.8,71.86,0.0,38.92,5.78,38,Healthy
Tomato,summer,31.46,67.23,0.0,39.48,6.03,18,Healthy
Tomato,summer,30.29,72.87,0.0,49.7,5.75,22932,Healthy
Potato,summer,34.41,71.01,0.0,42.08,5.85,39184,Healthy
Tomato,summer,29.38,72.92,0.0,25.79,6.08,12,Fusarium Wilt
Tomato,summer,37.76,61.0,0.0,26.64,6.66,30541,Fusarium Wilt
Potato,summer,33.46,75.49,0.0,37.49,5.5,15284,Healthy
Tomato,summer,33.04,83.12,0.0,36.69,7.09,29,Healthy
Potato,summer,30.91,63.82,0.0,25.65,5.5,15,Verticillium Wilt
Tomato,summer,31.23,74.33,0.0,40.53,6.85,1245,Healthy
Potato,summer,30.97,80.43,0.0,22.23,5.5,45269,Verticillium Wilt
Potato,summer,29.74,69.86,0.0,49.87,5.57,89,Healthy
Potato,summer,33.14,70.43,0.0,57.3,5.54,39845,Healthy
Potato,summer,31.43,67.55,0.0,23.44,6.17,31518,Verticillium Wilt
Potato,summer,32.57,67.77,18.41,45.11,5.89,24205,Healthy
Potato,summer,30.68,72.99,0.0,36.45,5.5,34968,Healthy
Tomato,summer,31.73,74.46,0.0,45.58,6.66,60,Healthy
Potato,summer,28.76,62.67,0.0,45.35,5.5,50,Healthy
Tomato,summer,31.16,73.04,0.0,59.52,6.35,42,Healthy
Tomato,summer,33.76,68.38,0.0,29.03,6.45,96,Fusarium Wilt
Potato,summer,32.42,74.07,0.0,51.21,6.21,17,Healthy
Tomato,summer,30.31,65.23,17.49,52.22,6.24,7,Healthy
Potato,summer,34.21,72.06,0.0,23.83,6.08,26730,Verticillium Wilt
Potato,summer,30.71,69.46,1.97,41.04,5.53,19747,Healthy
Tomato,summer,33.57,67.68,14.9,60.79,6.12,43,Healthy
Tomato,summer,29.84,65.63,0.0,41.8,6.95,7,Healthy
Tomato,summer,31.39,56.99,0.0,46.22,6.75,0,Healthy
Potato,summer,33.28,67.65,17.93,72.1,5.55,31711,Healthy
Potato,summer,32.79,66.49,8.79,40.57,5.5,30828,Healthy
Tomato,summer,25.4,77.23,0.0,64.87,6.7,46,Healthy
Tomato,summer,31.09,69.8,0.0,46.48,7.27,0,Healthy
Potato,summer,33.04,72.16,0.0,38.65,5.5,8,Healthy
Potato,summer,30.58,78.73,4.24,57.87,5.5,68,Healthy
Potato,summer,32.93,62.98,14.68,60.21,6.63,11604,Healthy
Potato,summer,26.52,68.47,0.0,35.05,5.98,78,Healthy
Tomato,summer,34.56,67.05,1.53,48.14,6.82,18530,Healthy
Potato,summer,33.0,56.42,0.0,52.9,5.5,22315,Healthy
Tomato,summer,30.69,58.11,0.0,55.71,6.53,9,Healthy
Potato,summer,34.78,74.65,5.29,15.05,6.39,71,Early Blight
Tomato,summer,30.15,68.55,0.0,54.6,6.01,5649,Healthy
Potato,summer,31.48,68.61,0.0,31.58,6.65,32771,Common Scab
Tomato,summer,36.99,74.81,0.0,15.91,6.96,74,Fusarium Wilt
Tomato,summer,33.8,69.51,0.0,41.64,6.97,38883,Healthy
Potato,summer,33.78,76.56,0.0,46.93,5.5,15398,Healthy
Potato,summer,32.53,82.75,20.18,47.38,6.47,0,Healthy
Potato,summer,32.57,69.93,12.81,37.45,5.5,89,Healthy
Tomato,summer,33.33,61.63,3.95,40.19,6.16,22,Healthy
Potato,summer,30.79,67.01,0.0,47.44,5.5,40690,Healthy
Tomato,summer,32.24,67.43,0.0,39.43,5.74,52,Healthy
Potato,summer,34.61,67.2,0.0,37.99,5.5,0,Healthy
Potato,summer,34.98,64.51,0.0,43.08,6.27,28616,Healthy
Potato,summer,33.2,81.45,1.91,29.57,5.5,23412,Early Blight
Tomato,summer,33.92,71.75,2.78,37.68,5.64,93,Anthracnose
Tomato,summer,32.55,70.37,0.0,29.32,6.86,25328,Fusarium Wilt
Tomato,summer,36.19,74.63,0.0,34.2,6.72,43,Fusarium Wilt
Tomato,summer,29.98,84.01,0.0,41.08,5.96,23500,Healthy
Potato,summer,29.98,60.06,21.64,52.86,5.9,27263,Healthy
Potato,summer,32.08,61.81,0.0,22.86,5.51,44972,Verticillium Wilt
Tomato,summer,35.13,74.04,0.52,47.62,6.08,25507,Anthracnose
Potato,summer,35.44,77.45,6.78,42.54,6.04,0,Early Blight
Potato,summer,33.52,64.31,0.0,43.81,5.5,12534,Healthy
Potato,summer,32.69,63.89,0.0,29.22,5.57,0,Verticillium Wilt
Potato,summer,31.05,68.59,9.99,59.47,6.06,28,Healthy
Tomato,summer,31.46,68.86,27.98,56.43,6.59,27414,Healthy
Tomato,summer,32.69,69.35,0.0,38.0,6.63,90,Healthy
Tomato,summer,32.3,76.03,2.06,35.62,6.7,0,Anthracnose
Potato,summer,27.84,64.34,0.0,48.46,5.96,43356,Healthy
Tomato,summer,32.69,69.12,37.08,64.68,6.62,16,Healthy
Tomato,summer,32.55,67.28,0.0,49.48,6.78,24936,Healthy
Tomato,summer,34.79,72.91,0.0,35.51,7.07,1306,Healthy
Potato,summer,35.6,60.95,0.0,31.17,5.5,36,Verticillium Wilt
Potato,summer,30.72,61.51,4.11,52.91,5.87,41324,Healthy
Potato,summer,32.81,75.05,0.0,37.7,5.82,22,Healthy
Potato,summer,30.84,66.72,4.22,37.69,6.18,35,Healthy
Potato,summer,27.48,62.42,0.0,67.82,6.11,21620,Healthy
Potato,summer,30.8,79.51,0.0,57.16,5.5,29836,Healthy
Tomato,summer,29.28,73.15,0.0,49.96,6.63,17980,Healthy
Potato,summer,29.64,82.83,14.66,52.03,5.51,29565,Healthy
Potato,summer,32.13,59.26,7.42,35.59,5.5,41078,Healthy
Tomato,summer,34.19,64.6,0.0,47.35,7.2,13408,Healthy
Tomato,summer,33.22,68.48,0.0,53.48,6.35,72,Healthy
Potato,summer,30.52,82.33,0.0,45.43,5.51,0,Healthy
Potato,summer,34.14,67.55,8.77,43.34,6.04,13,Healthy
Tomato,summer,27.07,59.52,0.0,56.88,6.91,42,Healthy
Tomato,summer,30.1,62.37,0.0,45.44,6.77,3106,Healthy
Potato,summer,30.94,67.11,0.0,47.42,5.85,25186,Healthy
Tomato,summer,31.96,68.71,27.21,80.97,6.47,7426,Healthy
Potato,summer,32.98,59.76,37.63,66.15,6.05,0,Healthy
Potato,summer,33.31,79.06,8.82,48.47,6.5,95,Healthy
Tomato,summer,33.37,61.06,0.0,40.53,6.02,14,Healthy
Potato,summer,32.36,61.7,0.0,38.5,6.31,32774,Healthy
Tomato,summer,30.27,53.74,29.11,57.85,6.28,33536,Healthy
Potato,summer,34.2,66.73,0.0,30.7,5.6,38,Verticillium Wilt
Potato,summer,34.51,79.85,24.5,57.03,5.51,53,Healthy
Tomato,summer,31.72,77.2,8.43,54.36,6.49,21581,Anthracnose
Potato,summer,31.73,67.76,0.0,38.14,5.5,33674,Healthy
Potato,summer,31.46,78.24,0.0,37.67,5.68,2144,Healthy
Tomato,summer,32.01,65.67,10.93,63.32,5.63,65,Healthy
Tomato,summer,30.92,73.72,0.0,39.88,5.84,36441,Healthy
Potato,summer,30.76,52.95,0.0,55.39,5.72,64,Healthy
Tomato,summer,32.9,67.22,0.0,45.06,6.69,84,Healthy
Tomato,summer,31.23,61.63,0.0,36.58,6.44,44636,Healthy
Tomato,summer,31.7,67.11,0.0,10.0,6.52,64,Fusarium Wilt
Potato,summer,29.77,71.31,0.0,21.8,6.21,6711,Verticillium Wilt
Tomato,summer,26.3,67.15,0.0,69.95,6.63,16608,Healthy
Tomato,summer,31.74,64.15,0.0,47.66,7.57,37,Healthy
Potato,summer,32.32,69.47,0.0,22.29,5.5,93,Verticillium Wilt
Tomato,summer,28.8,73.79,0.0,48.93,6.58,73,Healthy
Tomato,summer,28.24,70.96,0.0,40.55,6.47,64,Healthy
Potato,summer,32.27,68.3,0.0,42.32,5.92,47233,Healthy
Tomato,summer,34.73,65.36,0.0,20.14,7.04,1,Fusarium Wilt
Tomato,summer,33.54,79.56,0.0,33.39,6.42,78,Fusarium Wilt
Potato,summer,36.11,66.52,0.0,30.79,5.87,99,Verticillium Wilt
Tomato,summer,30.34,71.46,0.0,41.15,6.67,36588,Healthy
Tomato,summer,32.59,66.19,15.59,48.7,6.66,35,Healthy
Potato,summer,30.7,68.13,0.0,31.28,5.66,83,Verticillium Wilt
Potato,summer,33.08,80.85,0.0,51.08,5.8,40639,Healthy
Potato,summer,33.11,69.92,0.0,46.57,5.66,84,Healthy
Tomato,summer,26.81,79.29,0.0,50.64,5.88,38,Healthy
Tomato,summer,30.94,67.07,1.99,43.6,6.14,72,Healthy
Potato,summer,32.56,76.12,0.0,48.93,5.78,23352,Healthy
Potato,summer,31.63,73.7,0.0,51.69,6.59,38563,Healthy
Tomato,summer,30.8,87.74,4.89,35.21,6.19,10445,Anthracnose
Tomato,summer,35.33,70.74,4.98,39.71,6.27,0,Anthracnose
Tomato,summer,31.53,63.02,3.73,42.89,6.13,27,Healthy
Potato,summer,35.11,66.11,0.0,49.12,5.9,89,Common Scab
Potato,summer,26.42,67.21,0.0,55.43,5.83,6,Healthy
Tomato,summer,34.61,73.74,0.0,37.0,7.28,41,Healthy
Tomato,summer,34.65,70.44,0.0,27.8,6.08,42,Fusarium Wilt
Potato,summer,32.56,83.06,0.0,36.2,5.65,34101,Healthy
Potato,summer,28.05,59.73,23.3,71.72,5.9,27385,Healthy
Potato,summer,32.2,65.61,0.0,44.68,6.4,15945,Healthy
Tomato,summer,34.06,75.99,0.0,44.5,6.66,4944,Healthy
Tomato,summer,26.69,67.24,15.0,60.39,6.61,37841,Healthy
Potato,summer,27.62,67.86,0.0,51.36,5.57,39236,Healthy
Tomato,summer,29.87,77.27,0.0,36.77,7.33,19504,Healthy
Potato,summer,32.56,74.69,0.0,30.42,5.65,19278,Verticillium Wilt
Potato,summer,36.41,78.45,0.0,14.77,6.23,37344,Verticillium Wilt
Potato,summer,28.23,69.98,24.98,57.16,5.78,0,Healthy
Potato,summer,23.88,63.72,0.0,67.91,5.55,32,Healthy
Tomato,summer,32.16,59.45,0.0,49.4,6.39,22165,Healthy
Potato,summer,36.85,77.38,6.38,18.16,5.98,41599,Early Blight
Potato,summer,31.77,59.61,0.0,47.75,5.5,36781,Healthy
Tomato,summer,29.46,66.11,6.39,48.81,6.88,13560,Healthy
Tomato,summer,34.91,66.85,0.0,34.32,6.47,10926,Fusarium Wilt
Tomato,summer,32.99,81.14,0.0,41.71,6.44,11811,Healthy
Tomato,summer,27.84,81.43,0.0,53.8,6.6,55,Healthy
Potato,summer,32.59,59.58,1.66,36.04,5.5,49,Healthy
Tomato,summer,32.82,82.96,0.0,43.43,6.6,39871,Healthy
Potato,summer,30.31,65.84,0.0,39.28,5.57,83,Healthy
Tomato,summer,29.45,73.85,0.0,24.88,6.39,11,Fusarium Wilt
Tomato,summer,25.31,77.15,0.0,67.3,6.49,87,Healthy
Tomato,summer,33.36,71.17,0.0,38.44,6.89,68,Healthy
Tomato,summer,27.65,69.97,0.0,49.48,6.49,41749,Healthy
Potato,summer,30.38,66.93,2.24,50.98,5.65,6,Healthy
Tomato,summer,33.88,59.5,0.0,37.09,6.78,40749,Healthy
Potato,summer,33.95,83.7,17.27,41.75,5.64,28,Healthy
Potato,summer,35.97,75.35,7.07,45.87,5.94,42,Early Blight
Potato,summer,32.47,70.39,0.0,20.2,5.5,25901,Verticillium Wilt
Tomato,summer,26.16,76.46,0.0,53.6,6.42,41371,Healthy
Tomato,summer,32.74,66.83,0.0,40.88,6.12,22,Healthy
Potato,summer,30.28,67.09,0.0,40.08,6.09,46,Healthy
Potato,summer,32.02,76.06,21.57,51.6,5.72,26581,Healthy
Tomato,summer,30.66,71.08,0.0,40.8,6.55,8239,Healthy
Potato,summer,33.58,61.83,40.09,87.12,5.96,30,Healthy
Tomato,summer,29.54,64.11,0.0,49.69,6.33,64,Healthy
Potato,summer,28.83,79.81,0.0,48.11,5.65,40678,Healthy
Potato,summer,34.03,63.96,15.23,62.45,5.69,73,Healthy
Potato,summer,34.43,77.36,0.0,38.15,5.6,2646,Healthy
Tomato,summer,33.27,67.92,0.0,35.32,6.34,0,Healthy
Tomato,summer,34.22,62.44,0.0,41.28,5.9,80,Healthy
Potato,summer,28.84,73.56,26.73,41.49,5.55,93,Healthy
Tomato,summer,33.62,78.56,0.0,41.74,6.39,37404,Healthy
Tomato,summer,30.11,68.37,0.0,40.51,5.98,38405,Healthy
Tomato,summer,33.98,69.42,0.0,26.78,7.27,19982,Fusarium Wilt
Tomato,summer,28.85,74.37,0.0,38.71,6.21,99,Healthy
Potato,summer,33.74,77.48,16.13,48.16,6.08,28390,Healthy
Potato,summer,31.91,72.55,0.0,40.57,6.51,32265,Healthy
Tomato,summer,34.0,71.76,0.0,37.9,6.73,27468,Healthy
Potato,summer,35.83,60.61,0.0,37.49,5.81,20629,Common Scab
Tomato,summer,30.04,76.1,3.01,35.6,7.28,25954,Anthracnose
Potato,summer,34.61,59.74,15.08,46.97,6.18,76,Healthy
Potato,summer,28.19,71.38,0.0,33.72,6.17,56,Verticillium Wilt
Potato,summer,32.33,82.97,1.1,47.96,5.76,0,Healthy
Potato,summer,30.71,58.26,0.0,27.09,5.51,10140,Verticillium Wilt
Tomato,summer,32.76,66.98,0.72,35.35,7.25,34704,Healthy
Tomato,summer,32.69,72.81,0.0,52.81,7.06,34589,Healthy
Tomato,summer,28.16,77.54,0.0,26.71,6.32,26230,Fusarium Wilt
Potato,summer,31.4,65.32,0.0,41.47,5.75,18129,Healthy
Potato,summer,25.79,73.11,0.0,44.85,5.5,71,Healthy
Tomato,summer,32.36,68.34,0.0,34.49,7.04,41,Fusarium Wilt
Potato,summer,23.56,77.84,0.0,62.95,5.5,41179,Healthy
Potato,summer,26.26,70.94,4.37,68.74,6.11,11643,Healthy
Tomato,summer,34.91,70.34,0.0,38.51,6.24,24,Healthy
Potato,summer,29.98,58.63,0.0,34.7,6.67,59,Common Scab
Tomato,summer,29.53,59.19,0.0,51.34,7.0,42821,Healthy
Potato,summer,31.0,62.8,0.0,26.42,5.54,22,Verticillium Wilt
Potato,summer,30.27,56.75,0.0,45.11,5.57,44,Healthy
Potato,summer,28.22,70.9,0.0,50.02,5.5,665,Healthy
Tomato,summer,34.85,61.02,0.0,52.28,7.02,18860,Healthy
Tomato,summer,30.89,71.17,0.0,38.06,6.5,28786,Healthy
Tomato,summer,30.23,76.08,0.0,50.27,6.23,39,Healthy
Tomato,summer,34.8,63.93,0.0,46.93,6.09,93,Healthy
Tomato,summer,29.82,69.29,0.0,32.76,6.82,66,Fusarium Wilt
Tomato,summer,26.26,88.99,0.0,49.65,6.73,24,Healthy
Tomato,summer,32.43,72.63,0.0,17.5,6.36,28123,Fusarium Wilt
Tomato,summer,32.22,65.91,5.07,41.87,6.42,51,Healthy
Potato,summer,28.72,77.57,0.0,59.63,5.82,43187,Healthy
Potato,summer,29.46,78.93,0.0,46.87,5.5,17549,Healthy
Tomato,summer,31.85,74.34,0.0,55.22,6.62,23788,Healthy
Tomato,summer,26.37,74.49,2.84,60.98,6.45,35726,Early Blight
Potato,summer,34.11,72.65,0.0,17.0,5.5,36036,Verticillium Wilt
Tomato,summer,32.05,69.56,24.83,70.18,6.62,59,Healthy
Tomato,summer,31.64,75.08,0.0,41.83,6.78,1,Healthy
Tomato,summer,32.96,69.83,0.0,52.4,6.53,34,Healthy
Potato,summer,32.28,66.92,4.6,36.51,6.26,48,Healthy
Potato,summer,33.43,72.35,0.0,32.18,5.72,90,Verticillium Wilt
Potato,summer,33.64,68.37,0.0,18.98,5.5,18,Verticillium Wilt
Tomato,summer,31.79,78.82,0.0,46.57,6.17,12,Healthy
Tomato,summer,32.05,61.1,0.0,19.58,6.31,53,Fusarium Wilt
Potato,summer,31.62,81.13,10.05,56.15,5.51,0,Healthy
Potato,summer,28.41,72.25,0.0,42.18,6.12,74,Healthy
Tomato,summer,33.93,82.15,0.0,41.69,6.39,19,Healthy
Potato,summer,31.79,80.67,0.0,51.03,5.69,36681,Healthy
Tomato,summer,30.6,69.12,9.72,54.1,6.61,70,Healthy
Tomato,summer,32.63,63.4,0.0,31.26,6.82,87,Fusarium Wilt
Tomato,summer,34.93,68.21,0.0,35.04,6.99,10,Healthy
Tomato,summer,29.82,59.45,0.0,42.78,6.77,0,Healthy
Potato,summer,31.29,71.84,0.0,62.48,6.21,35271,Healthy
Potato,summer,28.65,78.46,0.0,38.56,6.25,47,Healthy
Potato,summer,29.82,60.97,2.1,43.72,6.78,17,Healthy
Potato,summer,34.14,62.66,0.0,46.5,5.5,46,Healthy
Potato,summer,31.68,65.65,10.19,53.33,5.75,30627,Healthy
Tomato,summer,31.35,67.42,25.9,57.87,6.02,27,Healthy
Tomato,summer,31.91,62.83,25.06,43.61,6.51,66,Healthy
Potato,summer,30.25,67.12,30.35,56.81,5.5,98,Healthy
Potato,summer,32.9,64.03,0.0,56.04,5.5,7,Healthy
Tomato,summer,30.01,77.83,0.0,47.41,6.37,58,Healthy
Tomato,summer,32.43,65.16,3.62,34.76,5.65,22716,Anthracnose
Tomato,summer,31.87,71.95,0.0,60.36,6.8,38450,Healthy
Potato,summer,34.13,73.45,0.0,44.57,5.5,32094,Healthy
Potato,summer,29.85,56.73,0.0,31.46,5.78,18,Verticillium Wilt
Tomato,summer,30.48,55.29,0.0,49.85,6.81,73,Healthy
Tomato,summer,32.25,57.19,0.0,51.69,7.0,56,Healthy
Potato,summer,27.48,81.44,0.0,43.53,6.11,33,Healthy
Potato,summer,27.27,51.04,0.0,51.27,5.5,20,Healthy
Potato,summer,33.7,69.45,0.0,34.75,5.5,80,Verticillium Wilt
Tomato,summer,32.93,64.28,0.0,27.35,6.83,23196,Fusarium Wilt
Potato,summer,32.43,74.27,0.0,52.73,5.6,36311,Healthy
Tomato,summer,33.2,72.7,0.0,31.49,6.49,19305,Fusarium Wilt
Tomato,summer,32.91,68.64,15.23,55.34,6.52,40,Healthy
Potato,summer,26.09,81.32,9.57,63.38,5.5,6444,Healthy
Potato,summer,30.07,79.45,0.0,37.76,5.99,34803,Healthy
Tomato,summer,32.16,78.48,0.0,36.33,6.04,4,Healthy
Tomato,summer,33.9,58.38,4.01,43.58,6.13,22208,Healthy
Potato,summer,30.33,62.26,0.0,48.48,5.87,17089,Healthy
Potato,summer,32.97,63.83,0.0,26.21,5.5,31939,Verticillium Wilt
Potato,summer,34.61,68.43,16.86,50.4,6.03,0,Healthy
Tomato,summer,37.44,78.06,0.0,32.55,6.45,72,Fusarium Wilt
Tomato,summer,33.58,81.03,0.0,24.09,6.64,92,Fusarium Wilt
Tomato,summer,31.7,69.46,21.51,63.7,6.34,86,Healthy
Potato,summer,31.23,65.44,0.0,58.0,6.45,17045,Healthy
Potato,summer,34.64,53.21,26.71,45.21,5.5,6714,Healthy
Potato,summer,33.67,68.44,12.48,45.86,5.86,32715,Healthy
Tomato,summer,30.62,62.44,0.0,35.72,6.91,18961,Healthy
Potato,summer,30.54,66.86,0.0,49.11,6.39,93,Healthy
Tomato,summer,30.69,68.11,0.0,48.55,7.27,30198,Healthy
Tomato,summer,29.43,65.23,0.6,65.74,6.6,1391,Healthy
Potato,summer,30.4,80.85,7.39,46.56,5.81,91,Healthy
Tomato,summer,26.52,65.81,0.0,62.5,6.16,13,Healthy
Potato,summer,31.33,55.49,4.73,39.8,5.63,11,Healthy
Potato,summer,26.66,72.51,0.0,35.83,5.99,24,Healthy
Potato,summer,35.19,62.94,0.0,33.8,5.68,7,Verticillium Wilt
Tomato,summer,30.21,69.24,7.7,61.69,6.87,3756,Healthy
Tomato,summer,30.88,68.51,0.0,30.4,6.17,69,Fusarium Wilt
Tomato,summer,32.25,60.54,0.0,47.84,6.33,49,Healthy
Potato,summer,28.25,79.27,1.95,42.42,6.59,36386,Healthy
Potato,summer,32.33,60.65,0.0,20.45,5.82,29340,Verticillium Wilt
Potato,summer,28.88,66.36,0.76,36.38,6.12,83,Healthy
Potato,summer,24.89,73.75,0.0,60.12,5.5,11594,Healthy
Potato,summer,32.97,74.1,0.0,47.61,6.25,35,Healthy
Tomato,summer,27.96,75.4,0.0,43.86,6.0,42528,Healthy
Tomato,summer,33.75,71.6,0.0,41.31,6.61,22203,Healthy
Potato,summer,26.91,62.84,0.0,33.6,5.55,10,Verticillium Wilt
Potato,summer,27.41,55.81,0.0,49.87,6.25,29391,Healthy
Potato,summer,29.87,64.77,9.88,52.7,5.5,4549,Healthy
Potato,summer,32.87,79.8,0.0,37.38,5.6,9473,Healthy
Tomato,summer,29.79,63.49,0.0,45.06,6.74,19,Healthy
Tomato,summer,32.64,70.96,0.0,42.52,6.62,19,Healthy
Tomato,summer,33.62,68.41,4.22,46.79,6.5,88,Healthy
Potato,summer,34.75,76.65,0.0,37.35,6.18,15,Healthy
Potato,summer,36.15,73.74,2.49,48.7,5.5,67,Early Blight
Tomato,summer,27.96,66.63,0.0,55.24,5.63,39382,Healthy
Potato,summer,28.63,77.39,5.47,49.31,6.23,27,Healthy
Potato,summer,31.52,77.28,11.07,33.54,5.86,14,Early Blight
Tomato,summer,29.78,65.49,21.23,51.04,6.31,3005,Healthy
Tomato,summer,28.66,82.02,0.0,53.55,6.56,86,Healthy
Tomato,summer,36.32,64.09,0.0,19.02,6.37,27195,Fusarium Wilt
Tomato,summer,35.91,76.83,0.0,30.02,6.48,99,Fusarium Wilt
Potato,summer,31.62,66.26,0.0,24.69,6.14,37006,Verticillium Wilt
Potato,summer,34.33,68.17,0.0,38.63,5.57,22470,Healthy
Tomato,summer,30.36,61.14,0.0,47.22,6.5,19338,Healthy
Tomato,summer,32.44,66.29,28.0,58.83,5.74,27609,Healthy
Potato,summer,29.26,59.98,0.0,47.7,5.7,38710,Healthy
Potato,summer,26.89,65.84,0.0,54.15,5.96,0,Healthy
Tomato,summer,32.46,71.51,0.0,37.63,6.0,31,Healthy
Tomato,summer,27.29,76.28,0.0,43.2,6.59,23034,Healthy
Potato,summer,29.36,72.36,0.0,43.25,5.87,0,Healthy
Tomato,summer,34.93,71.33,0.0,33.13,6.42,6,Fusarium Wilt
Potato,summer,30.44,54.0,0.0,49.8,6.38,79,Healthy
Tomato,summer,25.46,72.27,0.0,52.85,6.86,79,Healthy
Potato,summer,30.28,73.59,0.0,38.71,5.8,79,Healthy
Tomato,summer,33.24,66.67,0.0,38.81,6.7,10,Healthy
Potato,summer,30.94,77.46,0.0,44.26,5.53,40,Healthy
Potato,summer,30.37,74.87,0.0,51.97,6.04,37445,Healthy
Potato,summer,27.94,60.28,0.0,40.01,5.69,61,Healthy
Tomato,summer,32.31,72.02,0.0,39.23,6.35,17155,Healthy
Potato,summer,34.27,74.67,2.75,41.21,5.5,23,Healthy
Potato,summer,33.56,70.35,0.0,40.35,5.98,20,Healthy
Potato,summer,29.56,83.97,0.0,48.14,5.58,87,Healthy
Potato,summer,33.22,59.52,0.0,47.68,5.84,75,Healthy
Potato,summer,26.5,69.06,0.0,40.71,6.32,24666,Healthy
Tomato,summer,32.39,56.56,0.0,44.85,6.72,8657,Healthy
Tomato,summer,35.79,64.94,0.0,30.87,6.63,22,Fusarium Wilt
Potato,summer,32.02,73.74,0.0,23.7,5.76,32679,Verticillium Wilt
Tomato,summer,33.34,77.11,0.0,42.22,6.58,24494,Healthy
Tomato,summer,33.54,64.89,0.0,40.77,7.09,71,Healthy
Tomato,summer,28.77,67.97,0.0,33.58,6.41,70,Fusarium Wilt
Tomato,summer,26.63,73.23,0.0,57.33,6.78,23510,Healthy
Potato,summer,37.35,65.34,0.0,45.77,5.76,52,Common Scab
Tomato,summer,30.95,68.57,0.0,50.51,7.0,23,Healthy
Tomato,summer,30.99,65.3,34.82,65.06,6.45,38,Healthy
Potato,winter,20.25,52.46,0.0,66.76,5.97,24110,Healthy
Potato,winter,22.63,59.67,0.0,57.46,5.77,87,Healthy
Potato,winter,25.78,70.47,0.0,30.42,5.5,31517,Verticillium Wilt
Tomato,winter,25.38,61.31,0.0,58.11,6.61,3605,Healthy
Tomato,winter,24.72,63.79,0.0,56.41,6.43,0,Healthy
Potato,winter,24.16,70.19,0.0,56.33,5.5,34,Healthy
Potato,winter,18.44,68.42,0.0,61.65,5.5,48,Healthy
Tomato,winter,24.37,77.75,0.0,55.23,6.78,35523,Healthy
Potato,winter,22.75,58.32,0.0,49.76,6.0,40224,Healthy
Potato,winter,22.26,50.41,0.0,57.73,6.35,45941,Healthy
Tomato,winter,19.77,62.82,0.0,50.48,6.58,39595,Healthy
Tomato,winter,22.59,59.58,0.0,48.26,6.46,12013,Verticillium Wilt
Potato,winter,19.17,53.57,5.19,58.6,5.5,7,Healthy
Potato,winter,19.41,61.95,0.0,67.37,5.5,40,Healthy
Tomato,winter,22.99,60.13,0.0,52.16,6.0,5545,Verticillium Wilt
Potato,winter,23.6,73.18,0.0,36.46,5.5,35,Healthy
Tomato,winter,23.16,65.59,0.0,46.59,5.98,98,Verticillium Wilt
Potato,winter,21.85,57.78,0.0,59.65,5.84,9036,Healthy
Potato,winter,21.72,62.29,0.0,58.0,5.72,7,Healthy
Tomato,winter,21.11,62.21,0.0,55.51,6.16,30,Verticillium Wilt
Potato,winter,24.16,54.43,0.0,32.42,5.94,17148,Verticillium Wilt
Tomato,winter,22.22,70.11,5.38,64.49,6.12,25984,Early Blight
Tomato,winter,23.35,71.0,0.0,63.18,6.68,22525,Healthy
Tomato,winter,16.2,68.51,0.0,66.59,6.17,67,Healthy
Potato,winter,22.79,53.75,0.0,70.64,6.08,70,Healthy
Tomato,winter,23.45,66.93,0.0,60.48,6.48,37721,Healthy
Potato,winter,22.77,69.67,0.0,59.49,6.51,41922,Healthy
Potato,winter,23.24,70.82,0.0,32.86,5.82,9489,Verticillium Wilt
Potato,winter,19.61,57.98,3.93,60.61,5.89,36,Healthy
Potato,winter,21.75,71.36,17.96,93.15,5.95,25161,Early Blight
Tomato,winter,18.41,59.03,0.0,58.95,6.4,4486,Healthy
Tomato,winter,24.35,61.03,2.63,49.72,6.99,0,Healthy
Potato,winter,21.25,52.28,0.0,49.22,6.47,52,Healthy
Potato,winter,21.1,74.33,0.0,74.18,6.0,10066,Healthy
Potato,winter,25.3,57.01,0.0,51.94,5.6,29605,Healthy
Tomato,winter,23.58,52.8,0.0,68.32,6.67,22200,Healthy
Tomato,winter,25.67,63.04,0.0,45.14,5.75,38353,Healthy
Potato,winter,22.68,61.66,0.0,54.33,5.57,0,Healthy
Potato,winter,19.18,55.83,0.0,60.18,5.5,75,Healthy
Tomato,winter,22.33,56.38,0.0,50.24,6.46,3064,Verticillium Wilt
Tomato,winter,21.62,64.65,0.0,46.71,5.94,36462,Verticillium Wilt
Potato,winter,18.5,50.14,0.0,76.47,5.74,11554,Healthy
Potato,winter,23.02,53.81,0.0,41.63,5.5,35238,Healthy
Potato,winter,22.15,73.72,0.0,39.89,5.5,2193,Healthy
Tomato,winter,21.61,63.99,0.0,49.45,6.35,6,Verticillium Wilt
Potato,winter,20.87,60.25,0.0,53.04,6.94,31,Healthy
Tomato,winter,22.48,54.73,16.0,75.76,6.77,0,Healthy
Tomato,winter,22.04,60.96,0.0,47.15,5.79,29082,Verticillium Wilt
Tomato,winter,19.97,63.71,0.0,57.47,6.05,6033,Healthy
Tomato,winter,21.0,51.33,0.0,68.92,5.99,71,Healthy
Potato,winter,23.8,62.19,0.0,62.38,5.86,45,Healthy
Potato,winter,25.38,51.53,0.0,52.49,5.71,62,Healthy
Tomato,winter,23.1,64.93,0.0,69.65,6.58,0,Healthy
Potato,winter,24.47,62.81,0.0,58.88,5.5,23040,Healthy
Potato,winter,20.04,55.51,0.0,64.07,5.57,45584,Healthy
Potato,winter,22.78,55.24,0.0,65.12,6.34,32819,Healthy
Potato,winter,19.81,60.72,0.0,83.86,6.23,1093,Healthy
Tomato,winter,17.72,54.69,2.33,64.7,6.67,42,Healthy
Potato,winter,21.79,42.0,0.0,43.03,5.5,26,Verticillium Wilt
Tomato,winter,24.66,50.27,0.0,52.87,6.04,23830,Healthy
Tomato,winter,20.91,64.18,5.92,77.51,6.69,34318,Healthy
Potato,winter,24.19,61.24,0.0,48.0,5.5,16581,Healthy
Potato,winter,22.85,65.18,0.0,73.6,5.86,22553,Healthy
Tomato,winter,23.93,52.75,0.0,50.37,6.37,20,Verticillium Wilt
Potato,winter,21.15,61.18,0.0,24.37,6.12,95,Verticillium Wilt
Potato,winter,24.72,70.59,0.0,58.77,5.5,4779,Healthy
Potato,winter,22.0,58.82,0.0,46.26,6.17,24057,Healthy
Potato,winter,23.22,59.62,0.0,46.94,5.81,53,Healthy
Potato,winter,21.42,61.95,0.0,56.52,5.61,4238,Healthy
Potato,winter,18.69,65.51,0.0,58.43,5.52,8177,Healthy
Potato,winter,22.15,57.93,0.0,48.77,5.5,34628,Healthy
Tomato,winter,21.49,64.63,0.0,62.27,6.67,6525,Healthy
Potato,winter,24.31,63.06,0.0,48.11,5.95,23837,Healthy
Potato,winter,22.65,49.16,0.0,32.5,5.53,15709,Verticillium Wilt
Tomato,winter,20.19,58.51,0.0,58.07,6.52,7566,Verticillium Wilt
Tomato,winter,21.7,56.28,0.0,73.07,6.73,0,Healthy
Potato,winter,25.39,69.56,0.0,40.54,5.5,6,Healthy
Potato,winter,21.66,59.19,0.0,67.56,6.3,85,Healthy
Tomato,winter,23.76,56.89,1.18,45.44,6.58,33402,Verticillium Wilt
Potato,winter,21.39,60.06,0.51,58.85,5.56,20,Healthy
Tomato,winter,23.0,57.41,0.0,61.26,6.01,40538,Healthy
Potato,winter,21.96,59.39,0.0,64.47,5.5,15422,Healthy
Potato,winter,23.2,56.54,0.0,46.23,6.14,95,Healthy
Tomato,winter,23.15,50.64,0.0,62.27,5.96,8,Healthy
Tomato,winter,22.56,59.92,0.0,56.5,7.12,8,Verticillium Wilt
Tomato,winter,23.21,63.92,3.35,42.25,6.76,38,Verticillium Wilt
Tomato,winter,18.83,59.39,0.0,62.36,6.59,72,Healthy
Tomato,winter,22.56,72.26,0.0,56.16,6.23,2264,Verticillium Wilt
Potato,winter,21.91,69.25,0.0,65.76,5.58,2818,Healthy
Potato,winter,21.72,57.76,0.0,57.85,5.81,79,Healthy
Tomato,winter,23.18,63.4,0.0,62.12,6.55,0,Healthy
Potato,winter,16.8,55.2,0.0,56.05,5.68,13681,Healthy
Potato,winter,19.83,73.46,0.0,64.78,6.34,32,Healthy
Potato,winter,18.34,56.47,0.0,60.96,5.5,40905,Healthy
Tomato,winter,21.94,62.32,0.0,58.65,6.58,44,Verticillium Wilt
Tomato,winter,26.59,55.41,0.0,57.28,7.07,21280,Healthy
Tomato,winter,18.13,63.21,0.0,67.0,6.21,9,Healthy
Potato,winter,21.31,59.83,0.0,53.61,6.37,29220,Healthy
Potato,winter,20.21,65.01,0.0,65.02,6.19,62,Healthy
Tomato,winter,19.21,54.05,0.0,63.05,6.48,86,Healthy
Tomato,winter,23.89,53.61,0.0,45.19,5.74,19,Verticillium Wilt
Potato,winter,21.13,64.44,0.0,64.03,5.5,43467,Healthy
Tomato,winter,20.1,55.37,0.0,61.69,6.79,17986,Healthy
Potato,winter,22.52,61.34,0.0,44.13,5.8,83,Healthy
Tomato,winter,19.77,61.29,0.0,56.46,5.61,92,Healthy
Potato,winter,19.96,56.12,0.0,68.39,6.33,42,Healthy
Potato,winter,18.86,67.22,0.0,49.2,5.5,27982,Healthy
Potato,winter,19.98,66.14,0.0,55.08,6.02,26846,Healthy
Potato,winter,26.43,48.59,0.0,41.79,6.5,42,Common Scab
Potato,winter,17.34,60.65,0.0,41.65,6.02,95,Healthy
Tomato,winter,25.5,60.25,0.0,50.69,6.13,91,Healthy
Tomato,winter,15.57,58.53,0.0,55.07,6.99,34,Healthy
Potato,winter,24.22,74.19,0.0,52.63,5.86,6897,Healthy
Potato,winter,22.14,55.74,0.0,35.71,5.5,21007,Healthy
Potato,winter,23.82,57.17,0.0,43.15,5.5,25846,Healthy
Tomato,winter,21.23,66.9,0.0,55.59,6.99,12774,Verticillium Wilt
Potato,winter,24.12,51.65,0.76,60.11,5.5,76,Healthy
Tomato,winter,25.03,64.26,0.0,51.22,7.08,33,Healthy
Potato,winter,24.33,60.82,0.0,66.85,5.93,4,Healthy
Potato,winter,21.93,65.74,0.0,59.11,6.0,21639,Healthy
Tomato,winter,19.23,62.18,0.0,55.17,6.86,27481,Healthy
Tomato,winter,21.51,62.45,0.0,58.03,6.43,31691,Verticillium Wilt
Tomato,winter,21.26,58.09,0.0,50.75,6.09,34191,Verticillium Wilt
Potato,winter,20.44,63.82,0.0,45.53,5.65,22,Healthy
Potato,winter,20.76,77.26,0.0,57.81,6.43,79,Healthy
Tomato,winter,21.74,61.48,0.0,51.99,5.92,99,Verticillium Wilt
Tomato,winter,21.18,65.52,0.0,66.01,5.86,7224,Healthy
Tomato,winter,21.0,61.74,0.0,51.85,6.15,46,Verticillium Wilt
Potato,winter,22.26,75.95,0.0,57.94,6.48,48,Healthy
Potato,winter,20.05,50.04,0.0,49.14,5.93,9,Healthy
Tomato,winter,21.98,56.65,0.0,46.96,6.91,72,Verticillium Wilt
Potato,winter,19.88,60.98,0.0,51.45,5.54,28304,Healthy
Tomato,winter,22.16,61.4,0.0,59.64,6.14,36555,Verticillium Wilt
Tomato,winter,19.26,55.78,0.0,60.58,7.0,13973,Healthy
Potato,winter,22.59,56.17,0.0,35.25,5.63,96,Healthy
Tomato,winter,21.71,64.61,0.0,65.78,6.35,26,Healthy
Tomato,winter,21.7,65.73,0.0,48.52,6.11,96,Verticillium Wilt
Tomato,winter,19.9,64.07,0.0,65.03,7.04,42111,Healthy
Potato,winter,19.74,67.01,11.25,78.17,6.34,40144,Healthy
Tomato,winter,18.51,63.01,0.0,52.37,6.9,40451,Healthy
Tomato,winter,15.93,51.76,0.0,78.15,5.58,89,Healthy
Tomato,winter,20.03,58.64,0.0,58.08,6.88,14,Verticillium Wilt
Potato,winter,19.54,65.14,0.0,64.92,5.71,93,Healthy
Potato,winter,23.99,66.02,0.0,54.67,5.5,47,Healthy
Tomato,winter,24.07,67.95,0.0,53.63,6.43,68,Healthy
Tomato,winter,19.04,66.56,4.31,75.64,6.32,33332,Healthy
Potato,winter,18.07,57.57,0.42,61.75,5.54,34038,Healthy
Tomato,winter,19.6,56.64,6.11,63.7,6.81,19900,Healthy
Tomato,winter,21.57,64.52,0.0,52.82,6.93,73,Verticillium Wilt
Potato,winter,21.83,68.79,0.0,56.31,5.5,13859,Healthy
Tomato,winter,21.95,57.39,0.0,57.0,6.61,42,Verticillium Wilt
Potato,winter,24.13,69.12,0.0,62.38,6.08,3253,Healthy
Potato,winter,21.07,58.7,0.0,49.28,5.99,54,Healthy
Tomato,winter,18.2,65.22,0.0,58.77,5.9,91,Healthy
Potato,winter,23.34,57.89,0.0,49.59,6.15,28450,Healthy
Potato,winter,20.37,54.96,0.0,56.37,5.68,23,Healthy
Potato,winter,21.86,52.16,0.0,47.84,6.21,14238,Healthy
Tomato,winter,19.29,60.98,0.0,63.5,5.95,13,Healthy
Potato,winter,18.14,63.49,0.0,70.91,5.54,89,Healthy
Potato,winter,23.83,66.86,0.0,48.52,5.94,63,Healthy
Potato,winter,18.83,71.0,2.2,66.68,6.33,0,Healthy
Potato,winter,23.39,65.2,0.0,46.67,6.88,83,Healthy
Potato,winter,22.86,57.5,0.0,64.46,5.54,41831,Healthy
Potato,winter,18.47,59.29,0.0,73.9,6.09,98,Healthy
Tomato,winter,23.44,57.75,0.92,66.34,6.5,11766,Healthy
Potato,winter,21.62,55.65,3.43,57.72,5.72,8907,Healthy
Tomato,winter,23.43,65.21,0.0,66.91,6.51,34018,Healthy
Potato,winter,21.46,57.34,0.0,25.11,6.07,24639,Verticillium Wilt
Potato,winter,23.17,65.69,1.32,54.37,6.8,1875,Healthy
Potato,winter,22.62,65.77,0.0,51.73,5.95,24,Healthy
Potato,winter,22.52,63.89,0.0,42.77,6.75,17482,Healthy
Potato,winter,20.49,52.9,0.0,63.11,5.97,23,Healthy
Potato,winter,20.37,63.17,0.0,44.18,6.41,36634,Healthy
Potato,winter,24.89,57.84,0.0,60.63,5.85,35261,Healthy
Potato,winter,25.04,67.62,0.0,55.03,5.89,41701,Healthy
Tomato,winter,17.44,61.5,0.0,45.54,6.3,23884,Healthy
Tomato,winter,22.03,51.58,0.0,66.09,6.5,20,Healthy
Tomato,winter,18.35,61.99,0.0,51.76,5.89,50,Healthy
Tomato,winter,19.72,51.83,0.0,55.71,6.45,38413,Healthy
Tomato,winter,20.55,52.46,0.0,56.03,6.01,31433,Verticillium Wilt
Potato,winter,20.06,61.59,0.0,62.87,6.08,6,Healthy
Tomato,winter,17.13,58.08,0.0,76.58,5.5,66,Healthy
Tomato,winter,19.36,57.34,0.0,52.59,6.44,11,Healthy
Potato,winter,20.0,73.41,0.0,53.37,6.19,32571,Healthy
Tomato,winter,25.22,60.14,0.0,49.48,5.87,22845,Healthy
Potato,winter,21.07,51.35,0.0,64.01,5.65,16,Healthy
Tomato,summer,35.57,71.04,0.0,24.7,6.72,27448,Fusarium Wilt
Tomato,summer,31.04,65.38,0.0,28.92,6.41,19563,Fusarium Wilt
Potato,summer,27.59,69.93,0.0,35.91,6.17,0,Healthy
Tomato,summer,30.7,75.73,0.0,42.07,6.27,14524,Healthy
Tomato,summer,31.52,76.07,0.0,35.62,5.93,34,Healthy
Potato,summer,31.97,68.54,0.0,26.8,5.5,97,Verticillium Wilt
Tomato,summer,34.94,68.4,0.0,30.27,6.5,47,Fusarium Wilt
Tomato,summer,31.04,63.9,0.0,37.51,6.71,15295,Healthy
Tomato,summer,30.68,67.58,0.0,52.43,5.93,71,Healthy
Tomato,summer,34.73,73.16,0.0,42.76,7.39,16,Healthy
Potato,summer,32.53,59.58,3.61,53.04,5.68,33232,Healthy
Potato,summer,30.96,67.22,13.18,38.24,6.63,2734,Healthy
Tomato,summer,30.73,77.04,6.07,48.57,5.9,19545,Anthracnose
Tomato,summer,33.9,66.5,0.0,35.69,6.36,30568,Healthy
Potato,summer,29.97,71.18,11.75,52.55,6.13,0,Healthy
Tomato,summer,31.99,51.91,1.17,43.78,7.53,36,Healthy
Potato,summer,27.86,68.29,0.0,46.93,5.57,60,Healthy
Tomato,summer,30.07,67.35,0.0,38.19,6.36,21997,Healthy
Potato,summer,34.42,72.66,15.2,39.93,6.4,864,Healthy
Tomato,summer,30.18,62.46,1.24,48.32,6.56,96,Healthy
Potato,summer,35.19,56.79,0.0,24.0,5.92,1,Verticillium Wilt
Potato,summer,33.32,62.26,5.17,45.14,6.16,23199,Healthy
Potato,summer,32.06,69.45,0.0,31.06,6.82,85,Common Scab
Tomato,summer,32.52,71.7,0.0,10.0,7.0,34,Fusarium Wilt
Potato,summer,37.54,65.44,0.0,37.74,5.5,40859,Common Scab
Tomato,summer,33.99,58.79,7.88,53.18,6.59,20,Healthy
Potato,summer,34.51,66.7,0.0,33.04,5.58,24775,Verticillium Wilt
Potato,summer,28.97,68.14,0.0,35.26,5.62,39,Healthy
Tomato,summer,31.25,66.63,0.0,43.13,6.35,79,Healthy
Tomato,summer,34.78,82.81,0.0,44.66,5.99,61,Healthy
Tomato,summer,31.44,68.38,0.0,45.48,6.19,18,Healthy
Potato,summer,32.66,68.38,50.0,82.16,5.63,34,Healthy
Potato,summer,30.36,77.28,0.0,20.16,5.73,73,Verticillium Wilt
Potato,summer,30.03,61.68,0.0,46.4,5.5,7136,Healthy
Tomato,summer,28.29,68.14,0.0,38.43,7.35,9134,Healthy
Tomato,summer,36.27,69.63,0.0,32.04,6.27,5584,Fusarium Wilt
Tomato,summer,34.49,77.63,0.0,45.71,6.34,83,Healthy
Potato,summer,32.76,75.55,0.0,30.24,5.65,39717,Verticillium Wilt
Tomato,summer,32.9,65.3,0.0,22.74,5.69,95,Fusarium Wilt
Potato,summer,33.95,69.68,12.12,40.33,6.14,72,Healthy
Potato,summer,36.26,64.05,0.0,29.64,5.5,31871,Verticillium Wilt
Tomato,summer,32.35,69.92,0.0,16.07,6.01,10,Fusarium Wilt
Potato,summer,31.09,72.11,0.0,31.7,6.08,95,Verticillium Wilt
Potato,summer,31.72,76.74,3.59,22.42,6.0,85,Early Blight
Tomato,summer,30.95,72.84,0.0,53.7,6.2,29482,Healthy
Potato,summer,31.69,68.95,4.07,42.02,5.5,32,Healthy
Potato,summer,30.82,76.55,0.0,56.0,5.87,15,Healthy
Tomato,summer,28.87,68.99,0.0,26.39,7.19,16,Fusarium Wilt
Tomato,summer,30.64,65.08,0.0,55.52,5.61,8006,Healthy
Potato,summer,33.51,71.5,20.23,49.0,5.88,8793,Healthy
Potato,summer,30.95,71.74,22.9,60.87,5.63,92,Healthy
Potato,summer,38.28,71.35,0.5,34.31,5.5,89,Early Blight
Tomato,summer,36.87,62.57,1.43,42.73,6.48,25952,Anthracnose
Potato,summer,34.33,72.08,0.0,53.47,5.81,0,Healthy
Tomato,summer,29.96,65.4,49.51,78.63,6.21,17685,Healthy
Tomato,summer,30.96,72.4,0.04,46.1,5.5,18797,Healthy
Potato,summer,31.96,82.13,8.0,45.27,5.97,96,Healthy
Potato,summer,26.83,71.61,11.4,53.28,6.15,21,Healthy
Tomato,summer,32.81,63.51,0.0,29.53,6.74,22116,Fusarium Wilt
Potato,summer,26.73,72.39,0.0,45.3,5.52,26481,Healthy
Potato,summer,30.73,68.07,0.0,59.11,6.36,30821,Healthy
Potato,summer,33.12,63.28,50.0,74.39,5.71,68,Healthy
Potato,summer,26.19,69.53,0.0,47.49,6.21,89,Healthy
Potato,summer,31.79,66.66,0.0,47.48,5.5,36152,Healthy
Potato,summer,32.35,73.69,26.62,47.92,5.62,60,Healthy
Tomato,summer,30.99,71.89,0.0,49.26,6.35,26860,Healthy
Tomato,summer,26.11,71.26,3.79,39.59,6.78,31008,Early Blight
Tomato,summer,32.84,69.5,4.19,36.4,6.39,97,Healthy
Tomato,summer,30.17,78.19,0.0,44.8,5.94,24911,Healthy
Tomato,summer,29.73,65.26,0.0,28.18,6.12,7201,Fusarium Wilt
Tomato,summer,33.31,67.94,50.0,75.56,7.05,0,Healthy
Tomato,summer,29.91,75.35,0.0,45.81,5.93,17500,Healthy
Tomato,summer,32.98,59.5,0.0,40.47,6.98,37924,Healthy
Potato,summer,31.84,71.13,8.33,48.23,6.43,21176,Healthy
Potato,summer,32.27,60.17,0.0,37.58,5.55,54,Healthy
Potato,summer,33.77,79.19,6.1,42.9,5.5,82,Healthy
Potato,summer,35.64,70.19,0.0,29.03,5.81,0,Verticillium Wilt
Potato,summer,32.35,78.7,0.0,21.17,5.73,33406,Verticillium Wilt
Tomato,summer,34.2,81.33,0.0,37.25,6.69,11350,Healthy
Tomato,summer,31.18,63.06,0.0,44.3,6.49,22313,Healthy
Tomato,summer,33.52,76.02,0.0,49.5,6.13,64,Healthy
Potato,summer,35.48,62.47,0.0,32.74,5.81,26,Verticillium Wilt
Potato,summer,32.42,63.77,0.0,34.49,6.02,41,Verticillium Wilt
Potato,summer,33.89,76.97,0.0,50.16,6.28,62,Healthy
Potato,summer,33.71,72.03,0.0,17.6,5.6,29264,Verticillium Wilt
Potato,summer,33.23,73.16,0.0,53.42,5.72,6298,Healthy
Potato,summer,29.52,71.07,0.0,50.97,6.08,83,Healthy
Potato,summer,25.18,75.12,0.0,60.48,6.62,65,Healthy
Potato,summer,30.28,78.53,0.0,42.47,5.83,45,Healthy
Potato,summer,28.5,68.75,0.0,48.45,6.35,70,Healthy
Potato,summer,29.72,62.13,0.0,48.5,5.67,22798,Healthy
Tomato,summer,29.9,68.83,0.0,50.92,6.96,56,Healthy
Tomato,summer,29.12,62.63,0.0,40.47,6.42,12,Healthy
Potato,summer,34.07,65.47,29.54,55.05,5.87,59,Healthy
Tomato,summer,30.16,69.09,43.99,87.28,6.56,49,Healthy
Tomato,summer,29.44,60.95,0.0,57.98,7.14,3721,Healthy
Potato,summer,30.22,61.92,0.96,36.13,5.98,9,Healthy
Potato,summer,32.88,65.96,0.0,46.69,6.17,14526,Healthy
Potato,summer,27.94,69.12,20.66,47.47,5.97,37748,Healthy
Potato,summer,30.67,76.53,0.0,48.73,6.33,67,Healthy
Potato,summer,33.57,79.52,0.0,50.55,6.2,50,Healthy
Tomato,summer,36.02,70.83,0.0,23.7,6.36,5936,Fusarium Wilt
Tomato,summer,33.44,72.09,1.29,43.35,5.73,11170,Anthracnose
Potato,summer,23.91,80.57,0.0,44.48,5.58,88,Healthy
Tomato,summer,25.48,52.72,1.83,57.68,6.31,24944,Healthy
Potato,summer,30.9,71.21,5.08,47.13,6.41,41,Healthy
Potato,summer,34.6,77.04,41.1,64.66,5.64,34,Healthy
Tomato,summer,29.74,66.05,0.0,38.86,6.61,97,Healthy
Potato,summer,30.2,72.3,16.05,60.53,5.79,19,Healthy
Tomato,summer,36.76,77.17,0.0,18.68,6.44,4,Fusarium Wilt
Tomato,summer,34.17,83.36,0.0,34.21,6.86,37,Fusarium Wilt
Potato,summer,33.11,76.04,0.0,16.24,5.5,82,Verticillium Wilt
Potato,summer,31.62,72.23,0.0,26.84,6.15,0,Verticillium Wilt
Tomato,summer,30.36,59.58,0.0,46.14,5.75,29502,Healthy
Tomato,summer,28.72,66.39,0.0,44.22,6.72,43971,Healthy
Potato,summer,29.66,68.68,0.0,41.87,5.5,42118,Healthy
Tomato,summer,28.01,68.82,0.0,24.34,6.33,21,Fusarium Wilt
Tomato,summer,29.96,69.46,0.0,46.95,6.66,31815,Healthy
Potato,summer,34.85,65.49,42.19,77.99,6.54,13874,Healthy
Potato,summer,30.78,63.56,11.7,48.38,5.5,11,Healthy
Tomato,summer,31.59,67.55,50.0,76.5,6.44,95,Healthy
Potato,summer,32.25,74.66,0.0,50.68,5.5,45297,Healthy
Tomato,summer,31.6,64.03,12.72,69.27,6.48,15484,Healthy
Potato,summer,35.29,62.71,0.0,36.78,5.88,0,Common Scab
Tomato,summer,29.74,68.1,0.0,43.86,6.28,32,Healthy
Tomato,summer,34.01,70.36,0.0,33.62,6.21,6,Fusarium Wilt
Tomato,summer,32.93,71.97,0.0,41.77,6.25,32789,Healthy
Potato,summer,32.17,65.24,0.0,25.58,5.85,7824,Verticillium Wilt
Potato,summer,33.31,64.6,0.0,49.73,5.5,35406,Healthy
Tomato,summer,26.8,77.74,0.0,48.77,6.36,20,Healthy
Tomato,summer,29.72,77.46,0.0,36.2,6.33,11300,Healthy
Potato,summer,30.61,65.97,0.0,51.15,6.3,26,Healthy
Tomato,summer,33.75,69.6,25.02,80.71,6.59,23846,Healthy
Potato,summer,28.68,69.53,0.0,50.05,5.86,28561,Healthy
Potato,summer,33.66,61.48,0.0,24.82,5.65,55,Verticillium Wilt
Tomato,summer,30.0,71.4,0.0,34.41,6.81,97,Fusarium Wilt
Potato,summer,31.12,72.2,31.38,64.6,5.56,99,Healthy
Potato,summer,31.82,60.82,0.0,40.26,5.57,84,Healthy
Potato,summer,30.39,67.32,0.0,37.03,5.5,46781,Healthy
Potato,summer,31.97,66.22,0.0,38.84,5.8,11170,Healthy
Potato,summer,27.4,69.51,2.14,40.82,6.17,74,Healthy
Potato,summer,31.89,64.66,5.25,49.86,5.5,0,Healthy
Tomato,summer,27.34,77.37,0.0,54.39,7.53,23018,Healthy
Tomato,summer,31.91,70.94,0.0,54.52,6.22,34749,Healthy
Tomato,summer,32.72,80.43,0.0,33.19,6.89,2277,Fusarium Wilt
Potato,summer,30.77,76.99,0.0,59.38,5.67,73,Healthy
Potato,summer,31.04,52.75,0.0,42.89,5.52,22,Healthy
Potato,summer,29.62,73.78,0.0,52.83,5.87,40,Healthy
Tomato,summer,34.81,76.42,0.0,27.32,6.71,41,Fusarium Wilt
Tomato,summer,33.94,72.57,0.0,34.07,6.51,0,Fusarium Wilt
Potato,summer,31.37,66.14,0.0,51.02,6.39,16403,Healthy
Tomato,summer,30.55,71.22,0.0,39.25,6.21,28260,Healthy
Potato,summer,33.13,75.29,11.09,48.69,5.74,80,Healthy
Potato,summer,31.03,66.52,0.0,44.91,6.17,25460,Healthy
Tomato,summer,30.75,78.2,0.0,52.39,6.65,27815,Healthy
Potato,summer,29.65,76.3,0.0,46.12,6.5,54,Healthy
Tomato,summer,32.07,83.08,0.0,34.76,6.66,94,Fusarium Wilt
Tomato,summer,31.37,68.2,42.27,62.96,6.82,15693,Healthy
Potato,summer,26.81,65.46,0.0,59.44,6.07,70,Healthy
Tomato,summer,31.06,74.46,7.92,46.01,6.39,8,Anthracnose
Potato,summer,29.48,74.83,6.34,43.3,5.74,58,Healthy
Tomato,summer,35.98,60.01,8.05,54.29,6.62,34571,Anthracnose
Potato,summer,33.04,56.41,3.58,40.26,5.7,17,Healthy
Potato,summer,31.99,56.52,25.3,55.17,6.42,25140,Healthy
Potato,summer,28.14,69.52,0.0,38.44,6.07,33359,Healthy
Tomato,summer,29.77,63.56,4.19,53.49,6.09,96,Healthy
Potato,summer,27.78,54.66,30.28,67.13,6.1,0,Healthy
Potato,summer,31.83,62.49,0.0,35.54,6.12,32082,Healthy
Tomato,summer,29.35,71.08,0.0,57.98,6.71,39861,Healthy
Tomato,summer,29.49,65.6,7.49,49.2,6.2,26405,Healthy
Potato,summer,34.56,65.43,50.0,64.18,5.53,0,Healthy
Potato,summer,30.07,70.84,7.88,63.36,5.92,67,Healthy
Potato,summer,29.71,68.01,3.51,48.85,6.45,32710,Healthy
Potato,summer,30.28,73.45,9.1,31.68,5.97,45408,Early Blight
Tomato,summer,31.39,68.56,0.0,49.53,6.56,54,Healthy
Tomato,summer,34.08,69.18,0.0,42.89,6.42,1,Healthy
Potato,summer,31.96,57.58,0.0,52.3,5.98,16,Healthy
Potato,summer,34.89,64.27,0.0,45.55,6.09,36783,Healthy
Tomato,summer,32.94,78.83,0.0,27.33,6.62,2,Fusarium Wilt
Potato,summer,27.85,75.85,0.0,46.4,6.24,12,Healthy
Potato,summer,33.67,54.47,39.19,52.76,5.73,17557,Healthy
Tomato,summer,30.86,60.36,0.0,35.2,6.29,0,Healthy
Tomato,summer,30.47,59.43,5.54,45.66,6.69,37817,Healthy
Potato,summer,36.19,67.52,0.0,39.2,5.54,56,Common Scab
Potato,summer,28.01,69.1,0.0,39.52,6.23,2,Healthy
Tomato,summer,34.03,75.66,0.0,53.48,7.1,35510,Healthy
Tomato,summer,32.14,80.36,0.0,46.07,6.98,45239,Healthy
Potato,summer,31.27,61.0,0.0,25.68,6.02,2283,Verticillium Wilt
Potato,summer,29.97,78.18,2.25,53.76,6.01,38038,Healthy
Potato,summer,31.48,63.21,0.0,37.86,6.04,34990,Healthy
Tomato,summer,32.5,67.18,0.0,40.84,7.4,68,Healthy
Tomato,summer,34.63,61.51,0.0,41.29,6.42,26092,Healthy
Potato,summer,32.91,63.29,2.42,44.46,5.73,31596,Healthy
Potato,summer,32.79,75.97,0.0,39.74,6.29,0,Healthy
Potato,summer,33.39,65.95,0.0,46.0,5.5,47,Healthy
Tomato,summer,32.08,69.2,0.48,30.09,6.53,36920,Anthracnose
Potato,summer,31.26,61.16,33.81,70.78,5.62,0,Healthy
Potato,summer,28.94,77.56,6.18,43.88,6.07,20633,Healthy
Potato,summer,35.02,73.04,0.0,39.83,6.1,45214,Common Scab
Potato,summer,30.06,75.7,1.64,40.19,6.28,20036,Healthy
Tomato,summer,37.92,70.5,0.0,31.6,6.84,14,Fusarium Wilt
Tomato,summer,29.97,68.71,0.0,45.09,6.84,13801,Healthy
Potato,summer,30.14,64.28,0.0,30.61,5.8,63,Verticillium Wilt
Potato,summer,34.03,59.54,21.99,64.31,5.78,94,Healthy
Tomato,summer,34.21,73.49,0.0,45.55,6.47,32,Healthy
Tomato,summer,27.51,60.4,31.94,59.6,6.24,0,Healthy
Potato,summer,31.09,70.43,0.0,45.12,5.7,38862,Healthy
Potato,summer,31.49,77.31,0.0,58.28,5.5,7691,Healthy
Potato,summer,34.64,74.18,0.0,11.76,5.66,25,Verticillium Wilt
Tomato,summer,29.21,75.21,0.0,28.96,6.92,23,Fusarium Wilt
Tomato,summer,23.9,77.74,0.0,51.42,6.29,30,Verticillium Wilt
Tomato,summer,27.27,63.66,0.0,39.92,6.45,28537,Healthy
Potato,summer,35.01,59.17,0.0,19.93,5.63,38,Verticillium Wilt
Tomato,summer,28.9,72.75,0.0,32.62,6.68,80,Fusarium Wilt
Potato,summer,32.37,65.46,0.0,42.1,5.53,18113,Healthy
Tomato,summer,31.9,70.88,0.0,40.33,7.02,33570,Healthy
Tomato,summer,33.21,69.69,0.0,45.1,6.84,71,Healthy
Potato,summer,33.93,65.98,0.0,34.85,5.5,7,Verticillium Wilt
Potato,summer,28.81,62.01,17.72,57.21,6.36,23969,Healthy
Potato,summer,31.26,74.55,29.06,54.99,5.73,6104,Healthy
Tomato,summer,31.9,67.17,0.0,31.11,6.16,47,Fusarium Wilt
Tomato,summer,27.04,72.62,0.0,42.97,6.43,1820,Healthy
Tomato,summer,33.0,69.09,0.0,39.78,6.12,2693,Healthy
Potato,summer,29.69,78.8,0.0,49.11,6.39,70,Healthy
Potato,summer,29.76,62.89,0.12,49.09,6.24,7029,Healthy
Tomato,summer,34.45,76.03,0.0,28.93,6.58,26,Fusarium Wilt
Potato,summer,31.55,73.2,0.0,49.9,6.14,46603,Healthy
Potato,summer,30.96,67.07,0.0,48.21,5.67,38,Healthy
Potato,summer,34.89,68.42,11.53,48.47,5.51,0,Healthy
Potato,summer,27.12,65.37,0.0,47.84,5.69,34666,Healthy
Tomato,summer,33.87,67.52,0.0,44.53,6.61,30501,Healthy
Potato,summer,32.95,69.88,0.0,36.81,5.83,32389,Healthy
Tomato,summer,30.49,64.05,0.0,40.91,6.62,41243,Healthy
Potato,summer,30.8,82.41,0.0,45.85,5.58,3,Healthy
Tomato,summer,32.11,73.32,6.24,28.61,6.18,38525,Anthracnose
Tomato,summer,31.99,63.06,0.44,39.04,6.03,24060,Healthy
Tomato,summer,29.07,57.94,0.0,52.05,5.85,0,Healthy
Potato,summer,32.13,79.4,0.0,38.29,5.98,2474,Healthy
Tomato,summer,32.93,63.05,0.0,52.73,6.44,95,Healthy
Potato,summer,26.05,64.74,0.0,48.94,5.56,33,Healthy
Potato,summer,30.79,73.62,0.0,51.17,6.37,3980,Healthy
Potato,summer,31.06,63.26,0.0,39.32,6.09,28868,Healthy
Potato,summer,33.26,78.12,0.0,39.4,6.21,9105,Healthy
Potato,summer,33.59,74.36,0.0,20.75,5.5,8717,Verticillium Wilt
Tomato,summer,28.23,62.88,0.0,65.45,6.5,94,Healthy
Tomato,summer,30.79,66.52,9.79,48.26,6.45,29092,Healthy
Tomato,summer,27.69,80.36,0.0,39.48,7.22,26,Healthy
Potato,summer,28.91,73.33,0.0,35.57,6.36,14165,Healthy
Tomato,summer,36.55,66.22,0.0,18.92,6.01,25973,Fusarium Wilt
Potato,summer,33.76,81.07,14.33,48.63,5.82,55,Healthy
Tomato,summer,31.96,68.82,0.0,32.24,6.63,24,Fusarium Wilt
Potato,summer,33.24,70.19,0.0,48.52,5.83,97,Healthy
Potato,summer,32.77,68.8,2.53,30.23,6.18,2864,Common Scab
Potato,summer,34.05,59.36,0.0,32.92,5.5,0,Verticillium Wilt
Potato,summer,27.27,66.43,8.04,70.57,6.06,0,Healthy
Potato,summer,35.9,71.03,1.98,30.61,5.82,83,Early Blight
Potato,summer,30.16,79.11,0.0,46.92,5.5,85,Healthy
Tomato,summer,29.42,73.1,0.23,36.55,6.56,35464,Anthracnose
Tomato,summer,34.36,74.71,3.48,30.0,7.18,30701,Anthracnose
Potato,summer,28.63,80.51,42.87,67.64,5.5,97,Healthy
Potato,summer,30.5,68.48,0.0,56.54,5.5,86,Healthy
Tomato,summer,29.95,71.84,0.0,51.31,6.26,91,Healthy
Potato,summer,31.03,67.44,19.07,56.91,5.6,15532,Healthy
Tomato,summer,34.18,65.11,0.0,56.04,6.14,75,Healthy
Potato,summer,28.58,61.01,1.21,39.14,5.81,10,Healthy
Potato,summer,33.3,67.58,0.0,50.64,6.69,67,Healthy
Tomato,summer,29.52,54.28,0.0,52.5,6.64,39926,Healthy
Potato,summer,30.02,62.12,0.0,36.39,6.84,84,Healthy
Potato,summer,33.27,62.0,10.35,51.35,6.68,17,Healthy
Tomato,summer,33.77,76.44,0.0,33.56,6.28,0,Fusarium Wilt
Potato,summer,33.59,78.67,0.0,49.83,5.94,72,Healthy
Potato,summer,30.52,67.46,10.97,51.66,6.4,23732,Healthy
Tomato,summer,30.89,74.73,0.0,58.62,6.11,99,Healthy
Potato,summer,31.01,78.09,12.57,46.66,5.73,38670,Healthy
Potato,summer,30.43,77.44,0.0,61.84,6.21,27644,Healthy
Potato,summer,37.41,62.79,0.0,34.06,6.63,13445,Common Scab
Potato,summer,25.04,69.44,0.0,42.81,5.59,34689,Healthy
Tomato,summer,33.33,67.33,2.6,30.8,6.27,19641,Anthracnose
Tomato,summer,29.32,68.58,0.0,36.48,6.91,52,Healthy
Tomato,summer,35.11,69.5,0.0,23.2,6.61,98,Fusarium Wilt
Tomato,summer,31.16,66.47,9.06,41.84,6.41,24696,Healthy
Tomato,summer,31.55,63.73,0.0,35.3,6.63,33952,Healthy
Tomato,summer,28.71,70.08,0.0,40.52,6.49,40,Healthy
Tomato,summer,31.83,64.45,0.0,39.44,6.7,18,Healthy
Tomato,summer,28.68,56.52,0.0,46.59,6.04,45,Healthy
Tomato,summer,34.42,62.45,0.0,34.26,6.47,11,Fusarium Wilt
Tomato,summer,32.42,68.0,0.0,30.32,6.67,16272,Fusarium Wilt
Potato,summer,29.17,65.61,0.0,65.92,5.79,24420,Healthy
Tomato,summer,29.18,60.21,0.0,59.68,6.94,38432,Healthy
Tomato,summer,34.91,80.13,0.0,38.49,7.22,39551,Healthy
Potato,summer,37.99,59.15,0.0,31.8,6.74,4856,Common Scab
Potato,summer,24.24,79.03,0.0,40.16,6.41,30,Healthy
Tomato,summer,32.34,70.83,0.7,45.78,6.97,35210,Anthracnose
Potato,summer,29.54,70.85,0.0,42.76,5.81,0,Healthy
Tomato,summer,30.84,67.89,0.0,53.13,6.9,85,Healthy
Tomato,summer,34.14,72.39,0.0,39.54,6.3,17,Healthy
Potato,summer,31.33,75.09,8.81,59.41,5.76,11,Healthy
Potato,summer,34.12,58.83,0.0,17.69,5.93,95,Verticillium Wilt
Tomato,summer,31.49,51.62,12.0,56.62,6.3,83,Healthy
Potato,summer,28.8,76.47,24.25,69.2,5.5,0,Healthy
Potato,summer,32.55,74.75,0.0,35.84,5.5,34068,Healthy
Potato,summer,38.96,71.61,0.0,39.99,5.74,26719,Common Scab
Tomato,summer,34.04,61.74,0.0,41.16,6.37,25623,Healthy
Potato,summer,33.0,70.03,5.18,28.46,6.33,2478,Early Blight
Potato,summer,32.67,68.59,0.0,36.17,6.29,18,Healthy
Tomato,summer,34.29,71.64,0.0,37.65,6.31,83,Healthy
Tomato,summer,29.39,78.58,2.33,42.02,6.61,56,Anthracnose
Tomato,summer,34.69,57.59,11.51,53.95,6.28,5,Healthy
Potato,summer,32.73,88.65,0.0,36.81,5.85,21358,Healthy
Potato,summer,31.22,62.7,0.0,46.34,6.9,42875,Healthy
Tomato,summer,31.25,68.62,0.0,49.2,6.74,35905,Healthy
Potato,summer,29.65,71.99,3.72,52.69,5.84,27488,Healthy
Tomato,summer,30.64,57.83,4.59,49.51,7.4,803,Healthy
Potato,summer,30.32,65.9,0.0,44.27,6.01,1,Healthy
Tomato,summer,31.96,69.39,0.0,41.72,6.02,71,Healthy
Potato,summer,33.62,65.16,8.16,54.81,5.5,0,Healthy
Potato,summer,28.9,71.47,0.0,37.99,5.5,30,Healthy
Potato,summer,31.31,73.31,0.0,49.89,5.99,18046,Healthy
Tomato,summer,31.98,70.01,1.81,50.27,7.1,34936,Anthracnose
Potato,summer,30.86,66.87,10.36,56.14,5.68,29129,Healthy
Tomato,summer,29.27,63.5,0.0,37.46,6.24,34246,Healthy
Potato,summer,32.45,61.43,0.0,49.89,5.87,14768,Healthy
Tomato,summer,30.07,64.25,0.0,38.19,6.53,80,Healthy
Potato,summer,31.08,62.92,0.0,43.65,5.92,58,Healthy
Tomato,summer,32.98,66.66,0.0,35.19,6.46,47,Healthy
Potato,summer,25.13,81.37,2.07,64.79,6.1,30253,Healthy
Tomato,summer,32.8,66.42,21.6,78.77,5.77,9433,Healthy
Tomato,summer,34.59,64.72,0.0,19.48,6.54,26123,Fusarium Wilt
Potato,summer,29.38,74.85,0.0,32.14,5.5,11152,Verticillium Wilt
Tomato,summer,33.82,62.78,0.0,15.67,5.89,46,Fusarium Wilt
Tomato,summer,28.64,78.37,0.0,60.98,6.13,41,Healthy
Potato,summer,28.36,61.79,0.0,38.53,6.18,38,Healthy
Potato,summer,29.83,76.48,0.0,44.21,5.7,36297,Healthy
Potato,summer,35.41,58.57,0.0,38.9,5.96,47084,Common Scab
Tomato,summer,28.56,65.97,0.0,65.26,7.21,22833,Healthy
Tomato,summer,32.69,67.73,0.0,37.87,6.78,36491,Healthy
Potato,summer,29.88,74.26,7.31,44.87,5.5,38458,Healthy
Potato,summer,32.44,64.69,0.0,31.43,5.54,53,Verticillium Wilt
Potato,summer,31.83,68.8,0.0,39.0,6.23,37623,Healthy
Potato,summer,30.92,67.52,22.22,53.63,5.7,0,Healthy
Potato,summer,28.76,74.73,0.0,45.18,6.01,76,Healthy
Tomato,summer,33.17,73.53,0.0,27.07,7.28,0,Fusarium Wilt
Potato,summer,31.31,65.78,0.0,35.97,5.94,28098,Healthy
Tomato,summer,28.31,67.23,0.0,48.72,6.88,33520,Healthy
Tomato,summer,29.88,70.94,4.3,47.05,6.74,32907,Anthracnose
Potato,summer,35.05,70.63,0.0,42.34,5.78,39516,Common Scab
Tomato,summer,32.48,58.44,0.0,42.93,6.37,25469,Healthy
Potato,summer,31.46,71.57,0.0,48.16,5.57,17921,Healthy
Potato,summer,32.65,57.3,4.68,53.61,5.66,10,Healthy
Tomato,summer,33.27,75.26,0.0,26.6,7.06,63,Fusarium Wilt
Tomato,summer,30.64,73.39,0.0,30.53,6.78,16596,Fusarium Wilt
Potato,summer,24.02,69.0,0.0,55.13,5.5,38290,Healthy
Potato,summer,29.85,71.31,0.0,28.35,6.12,39395,Verticillium Wilt
Potato,winter,21.76,49.05,0.0,47.91,5.78,30970,Verticillium Wilt
Tomato,winter,18.86,49.31,0.0,40.54,6.9,0,Verticillium Wilt
Tomato,winter,22.85,42.64,0.0,55.22,6.31,69,Verticillium Wilt
Tomato,winter,20.92,47.54,0.0,52.24,6.63,48423,Early Blight
Tomato,winter,22.67,49.66,6.64,65.43,6.98,44562,Early Blight
Tomato,winter,20.53,42.55,0.0,51.79,6.44,69,Verticillium Wilt
Tomato,winter,25.05,49.47,0.0,42.32,6.38,7,Verticillium Wilt
Tomato,winter,18.78,49.6,12.3,71.72,6.22,25263,Early Blight
Tomato,winter,17.19,49.69,0.0,74.96,6.65,29117,Verticillium Wilt
Potato,winter,23.72,46.37,0.0,46.14,6.03,12506,Verticillium Wilt
Potato,winter,25.59,49.1,0.0,46.43,5.81,8354,Verticillium Wilt
Tomato,winter,19.5,49.73,0.0,50.73,7.11,90,Verticillium Wilt
Potato,winter,26.9,57.61,0.0,26.7,6.15,73,Verticillium Wilt
Tomato,winter,20.12,56.94,0.0,32.47,6.08,29,Verticillium Wilt
Potato,winter,21.23,49.81,0.0,40.89,6.03,33,Verticillium Wilt
Tomato,winter,21.83,47.37,0.0,53.16,6.1,41,Verticillium Wilt
Potato,winter,25.61,55.81,0.0,31.49,5.99,83,Verticillium Wilt
Potato,winter,21.45,66.99,0.0,33.67,6.15,81,Verticillium Wilt
Tomato,winter,22.51,48.4,0.0,49.74,6.04,33895,Verticillium Wilt
Tomato,winter,17.92,46.88,0.0,49.49,6.26,44540,Verticillium Wilt
Tomato,winter,22.47,49.3,0.0,66.72,7.21,18713,Verticillium Wilt
Potato,winter,20.43,58.88,0.0,22.98,6.44,39,Verticillium Wilt
Potato,winter,22.63,55.09,0.0,32.32,6.12,13,Verticillium Wilt
Potato,winter,23.15,59.81,0.0,32.76,5.61,66,Verticillium Wilt
Tomato,winter,20.93,42.35,0.0,50.42,6.39,13323,Verticillium Wilt
Tomato,winter,25.15,46.24,0.0,49.33,6.9,12172,Verticillium Wilt
Potato,winter,23.0,58.64,0.0,34.7,5.89,79,Verticillium Wilt
Potato,winter,26.42,48.63,0.0,47.52,5.94,85,Verticillium Wilt
Tomato,winter,22.21,46.86,0.83,55.47,6.76,454,Verticillium Wilt
Potato,winter,25.09,49.96,0.0,47.24,6.43,4,Common Scab
Tomato,winter,24.08,43.16,0.0,52.67,6.2,35794,Verticillium Wilt
Potato,winter,22.93,69.11,0.0,33.55,6.06,8,Verticillium Wilt
Tomato,winter,21.81,48.79,0.0,45.98,6.61,13,Verticillium Wilt
Tomato,winter,20.09,47.6,0.0,49.75,6.07,20171,Verticillium Wilt
Potato,winter,25.01,68.85,1.69,33.19,6.08,42,Verticillium Wilt
Tomato,winter,23.12,49.89,0.0,62.84,5.84,29671,Verticillium Wilt
Potato,winter,24.22,54.11,0.0,32.39,5.74,3018,Verticillium Wilt
Tomato,winter,21.46,48.73,0.0,40.43,6.26,64,Verticillium Wilt
Tomato,winter,24.16,45.19,0.0,50.62,6.06,62,Verticillium Wilt
Tomato,winter,19.13,47.1,0.0,64.69,6.41,39905,Verticillium Wilt
Tomato,winter,23.24,44.26,0.0,41.58,6.34,45,Verticillium Wilt
Potato,winter,24.89,59.91,0.0,30.18,5.5,14,Verticillium Wilt
Potato,winter,25.86,49.0,0.0,42.77,6.02,35,Verticillium Wilt
Potato,winter,26.11,49.59,0.0,49.4,5.53,33591,Verticillium Wilt
Tomato,winter,19.39,49.9,0.0,60.2,6.64,13997,Verticillium Wilt
Tomato,winter,25.99,46.57,0.0,62.56,6.03,56,Verticillium Wilt
Potato,winter,27.03,60.37,0.0,20.17,6.21,49,Verticillium Wilt
Tomato,summer,35.63,64.74,0.0,47.06,6.56,31357,Anthracnose
Tomato,summer,34.97,70.93,0.0,29.31,6.81,89,Fusarium Wilt
Potato,summer,35.34,64.27,0.0,39.67,5.74,76,Common Scab
Potato,summer,33.89,71.1,7.62,22.4,5.82,98,Early Blight
Tomato,summer,30.33,63.62,2.49,24.48,6.13,20,Fusarium Wilt
Potato,summer,32.9,74.68,12.59,23.19,5.76,19318,Early Blight
Tomato,summer,35.17,69.14,3.52,30.96,6.02,34780,Anthracnose
Potato,summer,34.55,68.22,5.66,31.28,6.09,19048,Common Scab
Potato,summer,38.47,71.54,1.19,27.34,5.5,34455,Verticillium Wilt
Potato,summer,32.82,85.25,0.0,32.4,6.25,23,Early Blight
Tomato,summer,36.51,61.84,0.0,30.88,6.39,43,Fusarium Wilt
Tomato,summer,36.47,62.6,0.0,44.07,7.33,28825,Anthracnose
Potato,summer,32.28,69.28,0.0,27.84,5.5,37237,Verticillium Wilt
Potato,summer,35.05,75.49,0.0,46.53,5.94,32469,Common Scab
Potato,summer,34.59,70.59,6.92,34.54,6.41,30065,Common Scab
Potato,summer,31.02,67.18,0.0,32.77,6.19,0,Verticillium Wilt
Tomato,summer,29.59,72.93,0.0,26.75,7.19,26,Fusarium Wilt
Potato,summer,35.24,78.55,0.0,54.95,6.08,3,Early Blight
Potato,summer,35.28,68.07,5.77,37.34,5.53,756,Early Blight
Tomato,summer,34.7,69.72,0.0,29.31,7.07,27938,Fusarium Wilt
Potato,summer,32.71,76.86,0.0,22.91,5.81,31791,Verticillium Wilt
Potato,summer,34.98,71.15,0.0,23.62,6.07,38626,Common Scab
Tomato,summer,35.15,65.13,0.0,39.15,6.92,35,Fusarium Wilt
Tomato,summer,36.02,68.82,7.58,30.44,6.26,23980,Anthracnose
Potato,summer,34.99,66.68,0.0,25.06,5.5,76,Verticillium Wilt
Tomato,summer,35.06,49.81,0.0,57.49,6.36,43183,Early Blight
Tomato,summer,35.11,67.86,0.0,36.65,6.53,35551,Anthracnose
Tomato,summer,31.4,79.58,0.0,31.44,6.54,33907,Anthracnose
Potato,summer,29.84,81.11,0.0,28.67,5.5,13224,Early Blight
Potato,summer,35.38,59.17,0.0,33.53,5.69,19070,Common Scab
Tomato,summer,36.28,67.32,0.0,32.91,6.36,0,Fusarium Wilt
Tomato,summer,36.92,75.37,0.0,46.04,6.73,45,Anthracnose
Potato,summer,30.05,70.95,0.0,25.33,5.5,38,Verticillium Wilt
Potato,summer,37.7,64.79,0.0,39.92,5.5,9758,Common Scab
Tomato,summer,34.99,71.22,0.0,27.04,6.99,0,Fusarium Wilt
Potato,summer,35.14,69.48,3.78,40.39,5.5,78,Early Blight
Potato,summer,33.07,74.63,0.0,26.92,6.11,39,Early Blight
Potato,summer,34.01,69.76,0.0,27.25,5.69,44,Verticillium Wilt
Tomato,summer,34.39,63.67,0.0,34.66,6.44,68,Fusarium Wilt
Tomato,summer,34.08,60.48,19.11,33.08,6.11,10582,Anthracnose
Potato,summer,34.51,69.41,22.98,32.46,5.5,16428,Early Blight
Potato,summer,31.62,77.72,0.0,31.94,5.76,12345,Early Blight
Potato,summer,28.91,66.98,0.0,24.32,5.71,0,Verticillium Wilt
Potato,summer,34.08,68.08,0.0,30.64,6.0,3410,Verticillium Wilt
Tomato,summer,39.73,72.95,0.0,17.04,6.34,37205,Fusarium Wilt
Potato,summer,35.5,81.63,9.26,57.61,5.5,30900,Early Blight
Potato,summer,34.06,62.26,0.0,16.11,6.0,5298,Verticillium Wilt
Potato,summer,34.18,82.86,0.88,22.03,5.5,67,Early Blight
Tomato,summer,29.99,74.47,0.0,27.84,6.15,24,Fusarium Wilt
Tomato,summer,28.92,67.94,0.0,27.19,6.39,25464,Fusarium Wilt
Tomato,summer,36.76,63.24,0.0,46.33,6.83,42005,Anthracnose
Potato,summer,29.87,71.65,0.99,32.99,5.79,41688,Verticillium Wilt
Tomato,summer,31.5,79.35,5.06,32.34,6.94,0,Fusarium Wilt
Potato,summer,36.08,76.18,0.0,40.97,5.65,77,Early Blight
Tomato,summer,36.18,66.1,0.0,34.84,6.03,90,Fusarium Wilt
Tomato,summer,36.03,63.38,0.0,33.28,6.5,48588,Anthracnose
Tomato,summer,31.73,69.83,0.0,33.7,5.95,13616,Anthracnose
Tomato,summer,38.63,69.79,0.0,18.81,6.13,87,Fusarium Wilt
Tomato,summer,33.34,75.02,0.0,27.54,6.02,55,Fusarium Wilt
Potato,summer,31.35,69.85,0.0,31.85,6.53,67,Common Scab
Potato,summer,35.05,78.44,0.0,27.88,5.67,86,Early Blight
Tomato,summer,31.69,71.47,0.0,30.86,6.8,13728,Fusarium Wilt
Potato,summer,32.17,78.98,0.0,34.04,5.97,42542,Early Blight
Tomato,summer,35.73,78.41,0.0,37.77,6.48,26,Fusarium Wilt
Tomato,summer,37.01,74.95,0.0,36.54,6.19,49,Fusarium Wilt
Tomato,summer,29.59,80.12,0.0,26.73,6.58,0,Fusarium Wilt
Tomato,summer,26.93,78.14,0.0,33.49,7.15,22938,Anthracnose
Potato,summer,35.41,68.34,0.0,23.62,5.65,7992,Verticillium Wilt
Potato,summer,35.07,68.48,0.0,29.65,5.65,0,Verticillium Wilt
Tomato,summer,39.65,56.15,0.0,27.1,6.38,32754,Fusarium Wilt
Tomato,summer,28.68,64.4,0.0,28.52,6.79,0,Fusarium Wilt
Potato,summer,36.43,78.65,0.0,34.5,5.8,16,Early Blight
Potato,summer,32.42,75.64,0.0,25.89,5.5,16993,Verticillium Wilt
Potato,summer,29.46,68.84,0.0,34.4,6.44,33316,Common Scab
Tomato,summer,32.91,64.31,0.0,31.35,6.25,18006,Fusarium Wilt
Tomato,summer,33.04,58.3,3.96,28.0,6.17,80,Fusarium Wilt
Tomato,summer,32.96,68.06,0.0,15.87,6.9,52,Fusarium Wilt
Potato,summer,33.4,66.42,0.08,27.3,5.83,70,Verticillium Wilt
Tomato,summer,36.07,72.22,0.0,26.1,6.04,40630,Anthracnose
Tomato,summer,32.61,81.23,0.0,31.47,6.04,3678,Fusarium Wilt
Tomato,summer,35.87,75.63,0.0,24.57,6.58,47,Fusarium Wilt
Potato,summer,33.44,73.47,2.64,29.74,5.52,98,Early Blight
Tomato,summer,37.64,62.79,0.0,31.28,6.38,38269,Anthracnose
Potato,summer,35.36,81.22,0.0,21.2,5.5,44022,Early Blight
Potato,summer,37.24,70.32,0.0,41.75,5.8,9485,Common Scab
Tomato,summer,32.85,65.1,0.0,31.17,6.61,4475,Fusarium Wilt
Potato,summer,33.53,69.07,0.0,25.2,5.5,74,Verticillium Wilt
Potato,summer,35.76,77.57,4.98,42.43,5.5,8,Early Blight
Tomato,summer,32.1,59.28,0.0,32.94,6.15,30,Fusarium Wilt
Potato,summer,33.24,64.91,0.0,32.3,5.62,43,Verticillium Wilt
Potato,summer,32.29,76.22,1.74,28.22,6.17,84,Early Blight
Potato,summer,35.32,63.06,0.0,25.69,5.5,33302,Verticillium Wilt
Potato,summer,34.36,65.53,0.0,28.5,5.5,35702,Verticillium Wilt
Potato,summer,32.41,59.84,0.0,28.11,5.5,38107,Verticillium Wilt
Tomato,summer,29.03,73.55,3.21,34.12,6.31,93,Fusarium Wilt
Tomato,summer,32.47,69.76,0.0,30.4,6.87,64,Fusarium Wilt
Tomato,summer,31.93,68.23,0.0,24.99,5.78,66,Fusarium Wilt
Potato,summer,35.49,76.59,0.0,20.82,5.75,4872,Verticillium Wilt
Potato,summer,36.4,66.1,0.0,29.82,5.5,5171,Verticillium Wilt
Tomato,summer,33.93,67.31,0.0,32.97,5.5,29,Fusarium Wilt
Tomato,summer,36.84,68.64,0.0,50.75,6.06,39113,Anthracnose
Tomato,summer,32.51,73.75,0.0,29.11,6.68,7744,Fusarium Wilt
Potato,summer,35.14,69.89,0.0,51.79,5.5,97,Common Scab
Tomato,summer,31.99,65.62,0.0,32.92,6.63,13,Fusarium Wilt
Tomato,summer,35.28,56.18,8.38,28.24,6.73,6864,Fusarium Wilt
Tomato,summer,31.87,72.33,0.0,31.52,6.61,15911,Fusarium Wilt
Potato,summer,30.97,60.18,0.0,30.01,5.54,33328,Verticillium Wilt
Tomato,summer,32.49,67.4,0.0,19.4,6.15,23633,Fusarium Wilt
Potato,summer,36.09,81.73,0.0,29.9,5.71,12,Early Blight
Potato,summer,32.38,68.12,0.0,22.68,5.98,27364,Verticillium Wilt
Tomato,summer,35.35,57.79,0.0,37.92,5.5,99,Fusarium Wilt
Tomato,summer,34.96,60.43,0.0,29.38,6.43,88,Fusarium Wilt
Tomato,summer,31.63,69.59,0.0,23.72,5.96,11064,Fusarium Wilt
Tomato,summer,34.42,75.07,0.0,22.38,5.95,37741,Anthracnose
Potato,summer,32.18,75.47,0.0,29.18,6.23,24642,Early Blight
Tomato,summer,31.84,57.79,0.0,26.43,6.51,99,Fusarium Wilt
Potato,summer,35.12,55.47,3.0,32.99,5.68,87,Verticillium Wilt
Tomato,summer,34.77,68.61,0.0,34.85,6.14,83,Fusarium Wilt
Potato,summer,32.89,82.31,0.0,28.37,5.88,49,Early Blight
Tomato,summer,32.24,65.38,0.0,29.82,6.09,13632,Fusarium Wilt
Potato,summer,30.44,57.34,0.0,23.56,5.78,29228,Verticillium Wilt
Potato,summer,29.47,75.08,0.0,24.21,6.06,23556,Verticillium Wilt
Potato,summer,37.05,75.21,0.0,17.68,5.55,34765,Verticillium Wilt
Tomato,summer,32.19,72.64,0.0,31.83,5.71,25,Fusarium Wilt
Potato,summer,32.15,64.55,7.1,30.98,5.82,0,Verticillium Wilt
Tomato,summer,30.88,67.66,0.0,33.1,6.3,29,Fusarium Wilt
Tomato,summer,35.79,73.52,0.0,40.87,6.38,54,Anthracnose
Tomato,summer,30.67,71.16,0.0,34.54,6.56,13929,Fusarium Wilt
Tomato,summer,31.55,69.8,0.0,30.48,6.61,40363,Anthracnose
Tomato,summer,35.55,65.37,0.0,40.3,5.93,21228,Anthracnose
Potato,summer,30.59,76.53,0.0,32.93,5.87,89,Early Blight
Potato,summer,36.5,69.93,0.0,31.71,6.51,0,Common Scab
Potato,summer,37.07,76.74,0.0,24.2,6.19,10096,Early Blight
Tomato,summer,33.29,78.23,0.0,34.66,6.72,47223,Anthracnose
Tomato,summer,32.53,63.23,0.0,29.06,6.19,31408,Anthracnose
Potato,summer,32.04,77.02,0.0,34.88,5.51,13586,Early Blight
Potato,summer,34.3,62.94,0.0,28.86,5.97,0,Verticillium Wilt
Tomato,summer,33.37,72.16,13.23,33.23,6.79,2,Anthracnose
Potato,summer,30.93,61.25,0.0,32.86,5.73,20,Verticillium Wilt
Potato,summer,31.51,71.29,0.0,33.69,6.1,67,Verticillium Wilt
Tomato,summer,32.52,69.35,0.0,33.15,5.95,97,Fusarium Wilt
Potato,summer,29.46,64.67,0.0,31.43,6.01,12,Verticillium Wilt
Potato,summer,35.85,69.01,0.0,36.19,5.5,96,Verticillium Wilt
Tomato,summer,35.41,66.77,0.0,34.96,7.09,85,Fusarium Wilt
Potato,summer,32.64,70.39,14.5,29.87,6.28,95,Early Blight
Potato,summer,31.46,77.03,0.0,23.13,5.5,29739,Verticillium Wilt
Potato,summer,33.47,67.37,0.0,33.65,5.63,42082,Verticillium Wilt
Tomato,summer,34.82,73.79,0.0,31.68,7.12,9743,Fusarium Wilt
Tomato,summer,34.76,76.97,0.0,29.51,6.89,20837,Fusarium Wilt
Tomato,summer,27.88,71.63,12.99,33.73,6.36,0,Anthracnose
Tomato,summer,33.55,74.3,0.0,29.4,5.96,61,Fusarium Wilt
Tomato,summer,35.42,66.66,1.87,35.08,6.32,28,Fusarium Wilt
Potato,summer,32.74,74.08,0.0,10.0,6.23,94,Verticillium Wilt
Potato,summer,36.84,80.73,0.0,17.03,5.85,17942,Early Blight
Potato,summer,33.85,62.41,0.0,33.89,5.82,0,Verticillium Wilt
Potato,summer,35.04,76.31,0.0,39.77,6.44,60,Early Blight
Potato,summer,35.06,63.43,0.0,45.63,5.94,0,Common Scab
Potato,summer,36.03,81.47,0.0,21.08,6.22,14792,Early Blight
Potato,summer,35.53,77.79,0.0,26.22,6.02,37,Early Blight
Potato,summer,34.76,69.44,0.0,16.17,6.64,83,Common Scab
Tomato,summer,34.72,66.22,0.0,31.94,6.54,37174,Anthracnose
Tomato,summer,33.07,68.94,0.0,20.78,6.27,12799,Fusarium Wilt
Potato,summer,32.82,62.16,0.0,27.48,5.97,12439,Verticillium Wilt
Tomato,summer,33.92,74.4,0.0,34.98,6.87,60,Fusarium Wilt
Tomato,summer,33.26,66.66,0.0,21.68,6.34,33,Fusarium Wilt
Potato,summer,31.4,70.62,0.0,13.7,5.5,13,Verticillium Wilt
Tomato,summer,31.92,74.5,0.53,34.21,6.11,19328,Anthracnose
Tomato,summer,33.69,67.08,0.0,24.56,6.94,14630,Fusarium Wilt
Potato,summer,30.71,66.46,0.0,26.85,5.79,3,Verticillium Wilt
Potato,summer,32.75,69.08,0.0,27.4,6.08,27,Verticillium Wilt
Potato,summer,35.12,81.08,0.0,39.98,5.85,57,Early Blight
Potato,summer,34.97,65.73,0.0,18.2,6.47,44195,Common Scab
Potato,summer,35.84,77.8,16.98,44.79,5.83,36688,Early Blight
Potato,summer,29.33,68.13,0.0,34.98,5.85,14684,Verticillium Wilt
Potato,summer,33.11,68.49,0.0,23.46,5.5,0,Verticillium Wilt
Potato,summer,34.75,80.55,0.0,28.53,5.73,62,Early Blight
Tomato,summer,35.27,73.94,1.95,54.24,6.08,100,Anthracnose
Tomato,summer,36.44,64.04,0.0,24.34,6.71,38742,Fusarium Wilt
Potato,summer,35.0,66.77,10.84,31.1,6.21,49,Early Blight
Potato,summer,33.97,64.39,0.0,20.05,5.5,40,Verticillium Wilt
Potato,summer,35.99,69.21,0.0,33.19,5.5,3531,Verticillium Wilt
Potato,summer,35.6,80.35,0.0,37.36,5.5,34144,Early Blight
Potato,summer,35.12,79.17,0.0,40.3,5.78,24070,Early Blight
Tomato,summer,33.68,73.42,0.0,30.47,6.47,20283,Fusarium Wilt
Tomato,summer,32.41,64.44,0.0,30.35,7.21,32,Fusarium Wilt
Tomato,summer,33.53,66.98,0.0,32.5,7.37,22191,Fusarium Wilt
Potato,summer,35.28,73.32,0.0,31.42,5.5,33166,Verticillium Wilt
Potato,summer,31.37,72.37,0.0,33.36,5.67,31939,Verticillium Wilt
Potato,summer,30.53,67.43,0.0,33.95,5.5,41,Verticillium Wilt
Tomato,summer,33.06,65.3,0.93,31.57,6.29,0,Fusarium Wilt
Potato,summer,30.76,69.63,0.0,21.38,5.95,16854,Verticillium Wilt
Tomato,summer,36.17,66.54,0.0,33.58,6.17,18755,Anthracnose
Tomato,summer,32.42,81.27,0.0,31.43,6.74,34727,Anthracnose
Potato,summer,36.43,74.94,1.58,31.35,5.81,14490,Early Blight
Potato,summer,33.15,70.94,0.0,31.85,6.66,42,Common Scab
Potato,summer,35.31,67.44,0.0,51.52,5.62,21,Common Scab
Potato,summer,32.73,72.26,0.0,34.58,5.5,15,Verticillium Wilt
Tomato,summer,31.15,73.2,3.05,18.93,6.35,0,Fusarium Wilt
Tomato,summer,37.56,75.42,0.0,42.33,6.11,8711,Anthracnose
Tomato,summer,31.46,81.48,7.16,32.45,6.82,28553,Anthracnose
Tomato,summer,33.78,71.45,0.0,13.42,6.82,40489,Fusarium Wilt
Tomato,summer,31.31,76.61,0.0,33.0,6.26,25634,Anthracnose
Tomato,summer,36.61,71.05,0.0,20.08,6.56,85,Fusarium Wilt
Tomato,summer,36.42,81.52,0.0,26.4,7.18,53,Fusarium Wilt
Tomato,summer,30.96,74.11,0.0,30.39,6.51,40,Fusarium Wilt
Potato,summer,33.81,61.39,0.0,33.87,5.5,7760,Verticillium Wilt
Potato,summer,29.83,70.76,0.0,21.0,6.1,31514,Verticillium Wilt
Tomato,summer,34.29,73.45,0.0,34.59,6.97,9334,Fusarium Wilt
Tomato,summer,35.67,74.27,0.0,27.68,7.33,7848,Fusarium Wilt
Potato,summer,32.5,68.0,0.0,27.52,5.53,75,Verticillium Wilt
Potato,summer,35.48,59.67,0.0,44.39,5.55,44,Common Scab
Potato,summer,32.67,57.62,0.0,28.83,5.5,15333,Verticillium Wilt
Potato,summer,32.74,74.1,0.0,26.46,5.93,60,Verticillium Wilt
Tomato,summer,34.53,60.39,0.0,28.5,6.11,35423,Anthracnose
Potato,summer,37.68,69.74,0.0,32.89,5.77,40282,Common Scab
Potato,summer,29.13,72.01,0.92,29.97,6.22,16684,Verticillium Wilt
Potato,summer,34.16,85.21,0.0,30.03,6.17,0,Early Blight
Tomato,summer,30.08,71.06,0.0,32.07,5.79,26765,Anthracnose
Potato,summer,28.85,65.31,0.0,32.62,5.98,36526,Verticillium Wilt
Tomato,summer,31.8,69.53,13.44,26.51,6.64,53,Fusarium Wilt
Potato,summer,28.8,67.91,4.16,31.89,6.01,72,Verticillium Wilt
Tomato,summer,29.63,64.29,5.78,23.71,7.06,6,Fusarium Wilt
Potato,summer,35.33,79.06,0.0,46.15,6.5,41588,Common Scab
Potato,summer,35.88,63.82,0.0,31.85,5.66,38371,Common Scab
Tomato,summer,34.02,68.53,0.0,23.06,6.26,15063,Fusarium Wilt
Tomato,summer,32.53,72.7,0.0,13.09,5.9,54,Fusarium Wilt
Potato,summer,37.29,78.23,0.0,29.46,5.5,0,Early Blight
Tomato,summer,35.56,72.72,0.0,35.5,6.19,84,Fusarium Wilt
Tomato,summer,36.51,73.81,0.0,35.77,6.95,40,Fusarium Wilt
Tomato,summer,35.85,66.07,0.0,31.87,7.12,15763,Fusarium Wilt
Tomato,summer,30.46,74.36,0.0,27.69,6.1,35647,Anthracnose
Potato,summer,29.5,72.91,0.0,33.08,6.17,37893,Common Scab
Potato,summer,35.05,66.04,0.0,30.64,5.5,37873,Verticillium Wilt
Potato,summer,38.52,69.09,0.0,22.57,6.37,11681,Common Scab
Tomato,summer,36.22,69.51,11.81,38.47,6.49,29,Anthracnose
Potato,summer,31.45,78.54,0.0,27.91,5.72,11722,Early Blight
Potato,summer,31.31,59.43,0.0,34.26,5.87,37351,Common Scab
Tomato,summer,32.41,82.0,0.0,13.45,5.53,44662,Anthracnose
Potato,summer,34.32,81.63,0.0,23.34,6.01,25497,Early Blight
Potato,summer,34.19,68.25,0.0,30.86,5.92,34490,Common Scab
Potato,summer,36.18,67.97,2.79,29.56,5.75,82,Verticillium Wilt
Potato,summer,35.77,83.68,0.0,38.04,6.13,91,Early Blight
Potato,summer,29.13,73.5,0.0,31.84,6.34,72,Early Blight
Potato,summer,31.93,71.19,0.0,32.17,5.56,30,Verticillium Wilt
Potato,summer,35.73,63.2,0.0,46.29,6.02,43,Common Scab
Tomato,summer,37.1,73.44,0.0,14.51,6.24,34,Fusarium Wilt
Potato,summer,31.42,63.55,1.14,27.13,5.71,10758,Verticillium Wilt
Potato,summer,33.17,67.62,0.0,29.64,6.15,65,Verticillium Wilt
Potato,summer,35.31,63.77,16.54,44.68,6.09,14477,Early Blight
Potato,summer,29.19,72.85,0.0,32.46,5.85,2682,Verticillium Wilt
Tomato,summer,31.66,67.49,0.0,28.11,6.63,7,Fusarium Wilt
Potato,summer,29.13,66.29,0.0,32.88,6.04,42,Verticillium Wilt
Potato,summer,34.84,62.37,0.0,23.79,5.5,25,Verticillium Wilt
Tomato,summer,32.82,68.11,13.86,32.5,6.82,4,Anthracnose
Tomato,summer,35.85,80.9,0.0,26.51,6.93,39514,Anthracnose
Tomato,summer,37.17,83.64,0.0,26.26,6.44,33384,Anthracnose
Tomato,summer,38.5,76.41,1.94,28.7,6.21,99,Fusarium Wilt
Tomato,summer,35.19,75.16,0.0,20.36,6.13,30,Fusarium Wilt
Potato,summer,33.18,68.1,0.0,33.27,6.31,74,Common Scab
Potato,summer,35.42,62.58,0.0,23.43,6.05,33069,Common Scab
Potato,summer,35.1,74.8,0.0,27.09,5.87,8122,Early Blight
Tomato,summer,31.25,69.16,2.84,24.65,6.52,84,Fusarium Wilt
Tomato,summer,37.48,58.82,0.0,53.29,7.04,0,Anthracnose
Potato,summer,31.3,75.73,0.0,26.03,5.86,34264,Verticillium Wilt
Potato,summer,34.6,70.87,0.0,21.13,5.5,25137,Verticillium Wilt
Tomato,summer,33.22,64.54,0.0,21.44,6.04,0,Fusarium Wilt
Tomato,summer,31.09,78.19,0.0,27.03,6.44,3744,Fusarium Wilt
Potato,summer,34.74,62.05,0.0,25.63,5.5,0,Verticillium Wilt
Potato,summer,32.07,71.51,0.0,34.52,5.74,0,Verticillium Wilt
Tomato,summer,34.63,64.9,1.57,30.21,6.58,30938,Anthracnose
Potato,summer,28.05,84.52,0.32,32.08,6.28,18259,Early Blight
Tomato,summer,33.33,53.33,0.0,20.63,6.19,19,Fusarium Wilt
Potato,summer,31.49,57.17,11.25,24.46,5.98,7,Verticillium Wilt
Potato,summer,34.16,66.7,0.0,22.39,5.56,28684,Verticillium Wilt
Potato,summer,38.57,66.09,0.0,40.06,5.53,0,Common Scab
Potato,summer,34.15,69.54,0.0,28.75,6.01,41,Verticillium Wilt
Potato,summer,34.65,59.43,0.0,10.63,6.08,85,Verticillium Wilt
Tomato,summer,31.69,68.84,0.0,30.24,6.16,17243,Fusarium Wilt
Tomato,summer,38.06,64.98,6.63,48.74,7.05,35601,Anthracnose
Tomato,summer,36.43,78.12,0.0,26.39,6.85,28305,Fusarium Wilt
Potato,summer,35.06,79.7,0.0,51.96,6.02,43432,Early Blight
Potato,summer,34.71,70.2,0.0,31.19,5.93,60,Verticillium Wilt
Tomato,summer,39.38,67.13,0.0,18.9,6.42,37321,Fusarium Wilt
Tomato,summer,29.4,75.85,0.0,31.73,6.53,36442,Anthracnose
Potato,summer,34.38,69.71,7.21,34.52,6.26,23710,Common Scab
Tomato,summer,32.93,65.33,0.64,34.13,6.29,77,Fusarium Wilt
Tomato,summer,33.12,81.11,0.0,34.16,6.44,66,Fusarium Wilt
Tomato,summer,33.8,67.59,0.0,24.75,6.52,74,Fusarium Wilt
Tomato,summer,35.01,71.4,0.0,34.61,6.71,100,Fusarium Wilt
Tomato,summer,32.94,80.4,0.0,32.47,6.34,73,Fusarium Wilt
Potato,summer,35.27,72.76,0.0,34.04,5.65,66,Early Blight
Potato,summer,34.31,69.67,0.0,10.0,6.06,81,Verticillium Wilt
Potato,summer,35.18,80.75,0.0,29.31,5.5,32365,Early Blight
Potato,summer,32.5,56.55,0.0,21.58,6.05,27941,Verticillium Wilt
Tomato,summer,27.32,69.01,3.66,32.56,6.56,29552,Anthracnose
Tomato,summer,32.61,69.15,1.23,29.84,6.48,23,Fusarium Wilt
Tomato,summer,32.8,61.63,0.0,23.23,6.86,32,Fusarium Wilt
Tomato,summer,38.94,74.1,0.0,24.98,5.94,76,Fusarium Wilt
Tomato,summer,32.86,73.81,0.0,27.73,6.43,92,Fusarium Wilt
Tomato,summer,33.32,67.98,0.0,34.15,7.06,11917,Fusarium Wilt
Potato,summer,30.96,70.93,5.04,27.9,6.52,33417,Common Scab
Tomato,summer,30.58,79.47,0.19,22.09,6.98,0,Fusarium Wilt
Potato,summer,30.2,68.82,0.0,34.26,6.3,38,Common Scab
Tomato,summer,34.37,66.93,0.0,22.55,6.85,87,Fusarium Wilt
Potato,summer,29.07,70.94,0.0,32.61,5.57,0,Verticillium Wilt
Potato,summer,35.7,70.85,0.0,37.22,5.78,3,Common Scab
Potato,summer,35.22,66.13,1.5,52.28,5.73,1,Common Scab
Tomato,summer,31.06,75.84,0.0,26.85,6.82,55,Fusarium Wilt
Potato,summer,36.39,70.97,0.0,39.21,5.6,16968,Common Scab
Potato,summer,35.18,67.96,0.0,39.57,5.73,43017,Common Scab
Potato,summer,32.73,59.71,0.0,20.86,6.19,33320,Verticillium Wilt
Potato,summer,32.52,72.47,0.0,34.4,6.17,11707,Common Scab
Tomato,summer,31.41,62.81,0.0,30.82,7.15,27,Fusarium Wilt
Potato,summer,37.03,50.8,0.0,24.4,5.5,31,Verticillium Wilt
Tomato,summer,37.14,79.01,0.0,31.1,6.61,39,Fusarium Wilt
Tomato,summer,36.07,73.13,0.0,25.02,6.44,35,Fusarium Wilt
Tomato,summer,29.41,70.86,0.0,33.83,6.79,44,Fusarium Wilt
Tomato,summer,33.5,64.44,0.0,24.65,6.58,75,Fusarium Wilt
Tomato,summer,33.84,74.57,0.0,26.94,6.29,75,Fusarium Wilt
Tomato,summer,30.08,74.36,0.0,32.0,6.22,64,Fusarium Wilt
Potato,summer,32.87,67.75,0.0,33.16,6.07,48,Common Scab
Potato,summer,34.95,77.17,0.0,32.91,6.58,22,Early Blight
Potato,summer,31.54,73.92,0.0,22.58,5.78,15798,Verticillium Wilt
Tomato,summer,33.4,66.69,0.0,24.71,6.93,13276,Fusarium Wilt
Tomato,summer,31.71,74.18,0.0,28.93,6.31,77,Fusarium Wilt
Potato,summer,38.36,73.84,0.0,18.81,6.09,20936,Common Scab
Potato,summer,41.18,71.13,24.3,51.49,5.5,12894,Early Blight
Potato,summer,36.16,79.62,0.0,31.99,5.77,30287,Early Blight
Tomato,summer,35.57,68.64,7.23,28.46,6.18,20,Fusarium Wilt
Tomato,summer,32.87,68.06,0.0,19.81,5.83,5499,Fusarium Wilt
Tomato,summer,33.55,64.3,0.0,30.49,6.09,16800,Fusarium Wilt
Tomato,summer,30.91,69.9,0.0,24.8,6.79,19066,Fusarium Wilt
Tomato,summer,36.2,64.83,0.0,27.66,6.38,11,Fusarium Wilt
Tomato,summer,33.71,78.64,0.0,34.47,6.76,69,Fusarium Wilt
Tomato,summer,39.07,80.55,3.2,30.57,6.38,8561,Fusarium Wilt
Potato,summer,35.52,80.96,6.15,49.96,5.91,33213,Early Blight
Potato,summer,35.92,67.82,0.0,25.42,6.09,36768,Common Scab
Potato,summer,35.96,67.48,0.0,24.2,5.93,27069,Verticillium Wilt
Tomato,summer,38.55,70.71,6.26,28.76,5.96,54,Fusarium Wilt
Tomato,summer,35.46,62.03,1.93,27.02,6.32,41,Fusarium Wilt
Tomato,summer,26.62,65.51,0.0,20.25,6.34,24,Fusarium Wilt
Potato,summer,32.47,74.48,12.34,29.02,6.01,0,Early Blight
Potato,summer,33.89,71.09,0.0,34.14,6.27,32927,Common Scab
Potato,summer,35.25,74.22,0.0,15.6,5.5,45651,Verticillium Wilt
Potato,summer,31.13,65.73,0.0,29.39,5.85,3633,Verticillium Wilt
Tomato,summer,33.71,71.43,11.63,26.47,6.86,37,Fusarium Wilt
Potato,summer,35.01,75.58,23.22,46.67,5.64,77,Early Blight
Tomato,summer,35.23,79.69,3.56,53.37,5.82,13,Anthracnose
Potato,summer,32.61,76.95,0.0,29.2,5.58,70,Early Blight
Potato,summer,36.09,68.4,0.0,16.27,5.63,27436,Verticillium Wilt
Tomato,summer,34.14,63.1,8.47,15.99,6.18,29085,Fusarium Wilt
Tomato,summer,35.1,70.59,0.0,40.85,6.8,46,Fusarium Wilt
Potato,summer,31.41,75.82,0.0,30.99,6.27,56,Early Blight
Tomato,summer,31.43,67.51,0.0,27.42,6.82,34,Fusarium Wilt
Tomato,summer,35.2,73.47,0.0,30.36,7.18,46,Fusarium Wilt
Tomato,summer,29.45,65.33,0.0,27.35,6.83,75,Fusarium Wilt
Potato,summer,29.77,63.37,0.0,33.59,5.5,27316,Verticillium Wilt
Tomato,summer,32.58,69.38,4.13,33.17,6.32,10103,Anthracnose
Potato,summer,35.21,64.22,0.96,43.61,5.5,34812,Common Scab
Tomato,summer,33.75,60.17,1.93,33.72,6.24,32482,Anthracnose
Tomato,summer,35.74,76.16,0.0,17.97,6.61,19887,Fusarium Wilt
Potato,summer,30.22,73.2,0.0,25.98,5.5,47,Verticillium Wilt
Potato,summer,27.77,70.23,0.0,29.93,5.5,55,Verticillium Wilt
Tomato,summer,30.34,71.99,0.0,15.24,6.88,20,Fusarium Wilt
Potato,summer,30.25,66.94,0.0,31.52,5.5,10579,Verticillium Wilt
Potato,summer,34.84,81.74,0.0,21.97,5.83,99,Early Blight
Potato,summer,36.41,63.0,0.0,32.45,5.5,25589,Verticillium Wilt
Potato,summer,26.36,69.56,0.0,31.13,5.79,41030,Verticillium Wilt
Potato,summer,35.09,71.02,9.28,46.1,5.65,97,Early Blight
Potato,summer,33.15,62.37,0.0,30.8,6.31,17164,Common Scab
Tomato,summer,36.38,60.78,0.0,20.42,6.83,21283,Fusarium Wilt
Tomato,summer,35.12,67.0,0.0,20.11,6.45,84,Fusarium Wilt
Potato,summer,32.19,70.66,0.0,29.24,5.53,49,Verticillium Wilt
Tomato,summer,37.14,62.59,0.0,18.85,6.31,33,Fusarium Wilt
Potato,summer,30.87,62.48,0.0,30.47,6.47,80,Common Scab
Potato,summer,36.23,63.34,0.0,53.54,5.54,42,Common Scab
Potato,summer,32.55,66.94,0.0,29.01,6.31,42,Common Scab
Tomato,summer,34.17,72.29,0.0,22.64,6.33,0,Fusarium Wilt
Tomato,summer,30.09,79.14,0.0,25.88,6.98,31376,Fusarium Wilt
Potato,summer,31.84,71.3,0.0,30.93,5.5,33609,Verticillium Wilt
Potato,summer,36.0,74.39,0.0,23.51,5.5,40744,Verticillium Wilt
Potato,summer,31.91,66.24,0.0,25.5,5.5,19976,Verticillium Wilt
Tomato,summer,30.5,86.77,0.0,27.04,6.95,64,Fusarium Wilt
Tomato,summer,35.12,80.32,0.0,39.16,6.13,0,Anthracnose
Potato,summer,35.68,61.72,0.0,29.29,5.84,10444,Verticillium Wilt
Potato,summer,36.39,65.73,0.0,19.33,5.5,21751,Verticillium Wilt
Potato,summer,28.19,72.53,0.0,32.72,5.5,28083,Verticillium Wilt
Tomato,summer,33.19,66.95,0.0,29.18,6.74,33569,Anthracnose
Tomato,summer,28.43,69.12,1.88,25.78,6.35,22986,Fusarium Wilt
Tomato,summer,32.68,65.66,0.0,31.22,6.39,25339,Anthracnose
Potato,summer,37.78,82.03,0.0,28.53,5.94,0,Early Blight
Tomato,summer,32.67,65.46,0.0,34.23,6.8,31338,Anthracnose
Tomato,summer,32.7,68.5,0.0,25.27,6.78,2121,Fusarium Wilt
Tomato,summer,32.09,66.25,0.0,23.32,6.98,80,Fusarium Wilt
Tomato,summer,36.19,64.83,5.14,44.49,6.07,14862,Anthracnose
Potato,summer,30.41,67.98,0.0,25.74,5.55,50000,Verticillium Wilt
Potato,summer,33.26,68.13,0.0,33.11,5.63,29321,Verticillium Wilt
Potato,summer,31.34,68.12,0.0,14.38,5.84,43,Verticillium Wilt
Potato,summer,42.0,58.61,30.28,40.78,6.03,56,Early Blight
Potato,summer,38.66,66.74,0.0,33.49,5.78,12684,Common Scab
Tomato,summer,31.74,73.32,0.0,34.96,6.4,35697,Anthracnose
Potato,summer,36.08,70.44,11.65,61.89,5.65,30765,Early Blight
Potato,summer,31.63,69.01,0.0,32.67,6.33,18587,Common Scab
Tomato,summer,32.0,78.28,0.0,28.45,6.35,66,Fusarium Wilt
Tomato,summer,35.57,74.69,0.0,35.74,6.4,66,Fusarium Wilt
Potato,summer,35.91,64.14,1.62,45.17,6.06,47,Common Scab
Tomato,summer,32.91,73.14,0.0,30.31,7.4,72,Fusarium Wilt
Tomato,summer,34.21,65.15,0.0,33.96,5.97,91,Fusarium Wilt
Potato,summer,34.34,72.21,0.0,31.93,5.75,5297,Verticillium Wilt
Potato,summer,29.67,65.11,0.0,26.87,6.01,42663,Verticillium Wilt
Tomato,summer,32.21,72.28,0.0,23.37,6.21,0,Fusarium Wilt
Tomato,summer,35.12,65.43,0.0,42.48,6.07,97,Anthracnose
Potato,summer,36.66,78.95,0.0,33.54,5.99,10218,Early Blight
Tomato,summer,33.83,71.69,0.0,28.43,6.48,24144,Fusarium Wilt
Tomato,summer,31.91,71.12,0.0,34.31,5.73,13261,Anthracnose
Potato,summer,33.24,70.77,0.0,29.61,6.02,78,Verticillium Wilt
Potato,summer,31.8,68.38,0.0,31.08,5.8,0,Verticillium Wilt
Tomato,summer,31.85,72.74,0.0,34.4,6.96,31266,Anthracnose
Tomato,summer,36.06,69.35,5.58,14.19,6.47,9,Fusarium Wilt
Tomato,summer,33.09,60.58,5.73,29.71,6.76,21200,Fusarium Wilt
Tomato,summer,31.74,64.73,7.11,27.23,6.63,38587,Anthracnose
Potato,summer,34.94,71.36,0.0,18.12,6.3,8645,Verticillium Wilt
Tomato,summer,39.03,79.52,0.0,28.06,6.65,24,Fusarium Wilt
Tomato,summer,32.76,70.49,0.0,34.18,6.13,12,Fusarium Wilt
Potato,summer,30.62,71.47,0.0,32.3,6.24,25,Verticillium Wilt
Tomato,summer,35.18,63.18,6.14,53.98,6.39,22993,Anthracnose
Potato,summer,32.74,79.18,0.0,32.44,5.66,55,Early Blight
Tomato,summer,35.42,73.64,0.0,14.99,7.2,76,Fusarium Wilt
Potato,summer,36.8,66.7,0.0,32.85,6.4,6,Common Scab
Tomato,summer,35.84,71.9,0.0,33.29,6.53,0,Fusarium Wilt
Potato,summer,29.38,62.85,0.0,33.08,5.67,66,Verticillium Wilt
Tomato,summer,37.42,59.54,0.0,34.1,6.27,94,Fusarium Wilt
Potato,summer,35.81,61.39,0.0,42.81,6.16,71,Common Scab
Tomato,summer,33.2,76.53,0.0,25.05,7.03,63,Fusarium Wilt
Tomato,summer,31.68,68.71,0.0,32.62,6.56,33472,Anthracnose
Potato,summer,34.47,68.02,0.0,32.25,5.58,66,Verticillium Wilt
Tomato,summer,32.08,62.59,0.0,25.72,6.19,92,Fusarium Wilt
Tomato,summer,32.36,64.01,0.0,28.45,6.36,52,Fusarium Wilt
Potato,summer,30.23,69.7,0.0,29.15,5.62,34440,Verticillium Wilt
Tomato,summer,32.55,73.32,0.0,33.35,6.67,12,Fusarium Wilt
Tomato,summer,37.18,79.32,0.0,33.06,6.55,0,Fusarium Wilt
Tomato,summer,34.82,61.31,0.0,11.85,6.9,35895,Fusarium Wilt
Potato,summer,38.26,66.98,0.0,27.02,6.28,38575,Common Scab
Tomato,summer,35.02,68.99,7.4,41.5,6.87,34216,Anthracnose
Tomato,summer,33.17,66.42,0.0,34.96,7.29,9181,Fusarium Wilt
Potato,summer,35.15,64.84,0.0,35.64,5.5,43,Verticillium Wilt
Potato,summer,29.69,64.79,0.0,29.44,6.22,43601,Common Scab
Tomato,summer,34.53,60.84,0.0,27.65,6.64,42581,Anthracnose
Potato,summer,35.47,74.52,0.0,42.44,5.5,30707,Early Blight
Tomato,summer,30.13,67.14,0.0,20.26,6.99,14500,Fusarium Wilt
Potato,summer,34.79,80.17,0.0,30.63,5.5,36,Early Blight
Potato,summer,31.4,81.84,0.0,21.01,6.58,38298,Early Blight
Potato,summer,36.06,56.31,0.0,35.65,5.77,38716,Common Scab
Potato,summer,35.14,71.99,0.0,36.97,6.4,14210,Common Scab
Tomato,summer,37.38,62.57,0.0,28.34,6.59,35,Fusarium Wilt
Tomato,summer,38.78,68.37,0.0,46.24,5.79,31,Anthracnose
Potato,summer,33.14,68.17,0.0,33.61,6.11,69,Common Scab
Potato,summer,29.63,69.3,0.0,32.62,5.95,46829,Verticillium Wilt
Potato,summer,37.74,64.48,0.0,36.39,6.27,94,Common Scab
Potato,summer,32.09,74.31,0.0,31.8,5.8,7,Early Blight
Tomato,summer,34.73,68.34,10.74,34.57,7.02,0,Fusarium Wilt
Tomato,summer,36.9,66.31,0.0,26.09,6.83,37839,Fusarium Wilt
Potato,summer,35.52,84.73,2.42,36.62,5.5,53,Early Blight
Potato,summer,32.74,79.64,0.0,28.95,5.66,22,Early Blight
Tomato,summer,31.2,63.01,0.0,28.01,6.72,50,Fusarium Wilt
Potato,summer,35.92,63.36,0.0,39.58,5.51,21337,Common Scab
Potato,summer,35.77,77.37,5.07,32.9,5.5,35171,Early Blight
Potato,summer,33.08,70.69,0.0,27.04,6.01,62,Verticillium Wilt
Potato,summer,35.75,67.06,0.0,22.35,5.74,7,Verticillium Wilt
Tomato,summer,29.2,67.45,0.0,34.81,6.39,3443,Fusarium Wilt
Potato,summer,31.18,59.56,0.0,33.74,5.5,25359,Verticillium Wilt
Tomato,summer,35.72,73.66,0.0,10.0,7.15,29727,Fusarium Wilt
Potato,summer,37.72,62.97,0.0,48.26,5.86,21421,Common Scab
Tomato,summer,34.18,67.45,0.0,28.61,6.01,99,Fusarium Wilt
Tomato,summer,31.24,68.21,0.0,29.11,6.79,7,Fusarium Wilt
Tomato,summer,32.22,67.68,0.0,29.29,6.43,99,Fusarium Wilt
Potato,summer,35.28,68.51,0.0,41.7,5.96,35317,Common Scab
Tomato,summer,32.66,65.09,0.0,10.0,6.43,45620,Fusarium Wilt
Tomato,summer,31.97,69.3,0.0,18.15,6.96,10215,Fusarium Wilt
Tomato,summer,35.03,67.53,0.0,40.35,6.68,55,Fusarium Wilt
Tomato,summer,35.89,79.2,0.0,31.07,7.37,9,Fusarium Wilt
Tomato,summer,30.15,71.97,0.0,21.15,7.58,76,Fusarium Wilt
Potato,summer,30.35,67.09,0.0,16.65,6.31,74,Verticillium Wilt
Potato,summer,28.01,64.85,0.0,34.64,6.03,7,Verticillium Wilt
Tomato,summer,35.07,75.67,5.63,30.67,6.12,36,Fusarium Wilt
Potato,summer,32.61,63.25,0.0,32.79,6.19,38839,Common Scab
Potato,summer,35.69,79.05,0.0,33.49,5.6,41481,Early Blight
Potato,summer,34.47,72.0,0.0,21.35,5.55,34522,Verticillium Wilt
Potato,summer,36.51,68.09,0.0,37.05,6.33,39021,Common Scab
Tomato,summer,29.79,84.55,0.0,24.29,6.85,8742,Fusarium Wilt
Tomato,summer,34.52,78.74,0.0,27.39,6.7,46,Fusarium Wilt
Potato,summer,33.61,69.09,0.0,28.54,6.29,34,Common Scab
Tomato,summer,31.44,75.24,0.0,33.63,6.63,68,Fusarium Wilt
Potato,summer,35.17,67.38,0.0,59.9,5.88,73,Common Scab
Tomato,summer,35.97,68.89,0.0,41.47,6.75,3,Fusarium Wilt
Tomato,summer,35.44,55.38,0.0,37.54,6.42,26210,Anthracnose
Tomato,summer,35.7,69.14,0.0,40.03,6.57,33099,Anthracnose
Potato,summer,35.76,60.12,0.0,37.54,5.69,38742,Common Scab
Potato,summer,33.28,77.29,0.0,34.22,5.95,12462,Early Blight
Tomato,summer,30.47,62.82,0.0,21.91,6.83,64,Fusarium Wilt
Potato,summer,29.23,63.18,0.0,33.63,5.83,71,Verticillium Wilt
Tomato,summer,34.46,73.68,0.0,30.95,6.11,82,Fusarium Wilt
Tomato,summer,28.98,72.38,0.0,26.69,6.15,0,Fusarium Wilt
Potato,summer,34.22,68.56,0.0,33.61,5.95,5615,Common Scab
Potato,summer,35.42,69.16,0.0,53.28,5.94,38414,Common Scab
Tomato,summer,30.65,71.22,0.0,16.01,6.18,5,Fusarium Wilt
Potato,summer,32.94,80.53,0.0,16.94,6.02,3,Early Blight
Tomato,summer,30.77,75.79,0.0,27.79,6.9,55,Fusarium Wilt
Tomato,summer,33.12,65.62,0.0,30.78,6.51,37,Fusarium Wilt
Potato,summer,34.26,68.12,0.0,32.16,5.96,8,Verticillium Wilt
Tomato,summer,36.21,76.02,0.0,32.09,7.12,6,Fusarium Wilt
Potato,summer,31.39,77.37,0.0,32.46,5.5,40915,Verticillium Wilt
Tomato,summer,35.84,78.43,0.0,25.72,6.52,33632,Anthracnose
Tomato,summer,37.24,85.7,0.0,25.77,6.09,21708,Anthracnose
Tomato,summer,33.12,66.66,0.0,23.23,6.12,71,Fusarium Wilt
Potato,summer,33.74,72.38,0.0,23.29,5.5,4065,Verticillium Wilt
Tomato,summer,35.59,79.2,0.0,34.3,6.71,34810,Anthracnose
Tomato,summer,33.33,68.24,0.0,24.56,6.94,33,Fusarium Wilt
Potato,summer,32.31,81.4,0.0,27.2,5.98,60,Early Blight
Potato,summer,32.52,66.56,0.0,32.15,6.36,44544,Common Scab
Tomato,summer,35.25,67.09,0.0,42.65,6.38,80,Anthracnose
Potato,summer,32.62,69.98,0.0,33.57,6.16,67,Common Scab
Potato,summer,31.76,78.31,0.0,16.83,5.64,6570,Verticillium Wilt
Potato,summer,32.13,79.23,0.0,34.19,5.52,45209,Early Blight
Potato,summer,31.28,77.52,0.0,34.88,7.05,22,Early Blight
Tomato,summer,33.06,68.38,0.0,21.43,6.31,63,Fusarium Wilt
Potato,summer,34.56,67.16,0.0,25.84,5.78,50000,Verticillium Wilt
Potato,summer,31.12,72.33,0.0,33.17,5.69,39869,Verticillium Wilt
Tomato,summer,38.13,77.63,0.0,31.72,6.71,41416,Anthracnose
Potato,summer,33.63,67.15,0.0,21.38,6.04,23603,Verticillium Wilt
Potato,summer,33.18,61.39,0.0,27.04,5.55,30673,Verticillium Wilt
Tomato,summer,38.23,66.82,0.0,10.49,5.96,74,Fusarium Wilt
Tomato,summer,35.98,63.64,0.0,41.48,6.39,9,Fusarium Wilt
Potato,summer,37.9,81.59,0.0,37.36,5.5,67,Early Blight
Tomato,summer,32.37,77.85,0.0,23.67,6.3,31260,Fusarium Wilt
Tomato,summer,28.82,71.18,0.0,23.77,6.99,28856,Fusarium Wilt
Potato,summer,33.27,57.52,2.77,17.79,6.01,44173,Verticillium Wilt
Tomato,summer,34.32,70.49,0.0,17.67,6.67,63,Fusarium Wilt
Potato,summer,31.42,71.33,0.0,30.22,5.5,19877,Verticillium Wilt
